time; gt_x; gt_y; gt_heading; odo_enc_x; odo_enc_y; odo_enc_heading; kalman_x; kalman_y; kalman_heading; right_enc; left_enc; compass; ds_id; ds_range; wall_x; wall_y
0.016; 8.01029e-17; 2.37898e-11; -3.36712e-06; 0; 0; 0; 0; 0; 0; 0; 0; -0.164996; 7; -1; 1000; 1000
0.032; 0.00114445; 1.17593e-06; 0.00685082; 0.0012177; 0; 0.00647368; 0.0012177; 0; 0.00647368; 0.0684; 0.0504; 1000; 7; 0.0692098; 1000; 0.40079
0.048; 0.00224447; 1.21275e-05; 0.0116862; 0.00236158; 7.4052e-06; 0.0129474; 0.00236158; 7.4052e-06; 0.0129474; 0.1332; 0.0972; 1000; 7; -1; 1000; 1000
0.064; 0.00340931; 2.79074e-05; 0.0178507; 0.00357917; 2.31708e-05; 0.0194211; 0.00357917; 2.31708e-05; 0.0194211; 0.2016; 0.1476; 1000; 6; 0.0581085; 1000; 0.411891
0.08; 0.00457566; 5.00605e-05; 0.0239623; 0.00475975; 4.61017e-05; 0.0246; 0.00475975; 4.61017e-05; 0.0246; 0.2664; 0.198; 1000; 7; -1; 1000; 1000
0.096; 0.00574339; 7.91351e-05; 0.0300073; 0.00597708; 7.60541e-05; 0.0310737; 0.00597708; 7.60541e-05; 0.0310737; 0.3348; 0.2484; 1000; 7; 0.06126; 1000; 0.40874
0.112; 0.00691245; 0.000116288; 0.0359959; 0.0071942; 0.000113886; 0.0375474; 0.0071942; 0.000113886; 0.0375474; 0.4032; 0.2988; 1000; 7; 0.0587845; 1000; 0.411215
0.128; 0.00808276; 0.000161353; 0.0419252; 0.00837416; 0.000158212; 0.0427263; 0.00837416; 0.000158212; 0.0427263; 0.468; 0.3492; 1000; 7; -1; 1000; 1000
0.144; 0.00924807; 0.000213866; 0.0480158; 0.00955389; 0.000208648; 0.0504947; 0.00955389; 0.000208648; 0.0504947; 0.5364; 0.396; 1000; 7; 0.0650757; 1000; 0.404924
0.16; 0.0104208; 0.000273719; 0.0538275; 0.01077; 0.000270109; 0.0543789; 0.01077; 0.000270109; 0.0543789; 0.6012; 0.45; 1000; 7; 0.057812; 1000; 0.412188
0.176; 0.0115946; 0.000340459; 0.0595768; 0.0119859; 0.000336294; 0.0608526; 0.0119859; 0.000336294; 0.0608526; 0.6696; 0.5004; 1000; 7; 0.0663811; 1000; 0.403619
0.192; 0.0127694; 0.000413997; 0.0652634; 0.0132014; 0.000410348; 0.0673263; 0.0132014; 0.000410348; 0.0673263; 0.738; 0.5508; 1000; 7; -1; 1000; 1000
0.208; 0.0139453; 0.00049425; 0.0708869; 0.0143795; 0.000489787; 0.0725053; 0.0143795; 0.000489787; 0.0725053; 0.8028; 0.6012; 1000; 7; -1; 1000; 1000
0.224; 0.0151222; 0.00058114; 0.0764473; 0.015594; 0.000577999; 0.0789789; 0.015594; 0.000577999; 0.0789789; 0.8712; 0.6516; 1000; 7; 0.0642375; 1000; 0.405762
0.24; 0.0163; 0.000674593; 0.0819443; 0.0167711; 0.000671161; 0.0841579; 0.0167711; 0.000671161; 0.0841579; 0.936; 0.702; 1000; 7; 0.0608422; 1000; 0.409158
0.256; 0.0174787; 0.00077454; 0.0873778; 0.0180213; 0.000776621; 0.0893368; 0.0180213; 0.000776621; 0.0893368; 1.0044; 0.756; 1000; 7; -1; 1000; 1000
0.272; 0.0186582; 0.000880912; 0.0927477; 0.0191974; 0.000881969; 0.0945158; 0.0191974; 0.000881969; 0.0945158; 1.0692; 0.8064; 1000; 7; 0.0588228; 1000; 0.411177
0.288; 0.0198386; 0.000993646; 0.0980538; 0.0204096; 0.00099689; 0.100989; 0.0204096; 0.00099689; 0.100989; 1.1376; 0.8568; 1000; 7; 0.0645599; 1000; 0.40544
0.304; 0.0210198; 0.00111268; 0.103296; 0.0216578; 0.00112338; 0.106168; 0.0216578; 0.00112338; 0.106168; 1.206; 0.9108; 1000; 7; -1; 1000; 1000
0.32; 0.0222017; 0.00123794; 0.108474; 0.022832; 0.0012485; 0.111347; 0.022832; 0.0012485; 0.111347; 1.2708; 0.9612; 1000; 7; 0.0583175; 1000; 0.411683
0.336; 0.0233844; 0.00136939; 0.113587; 0.0240788; 0.00138791; 0.116526; 0.0240788; 0.00138791; 0.116526; 1.3392; 1.0152; 1000; 7; 0.0622953; 1000; 0.407705
0.352; 0.0245677; 0.00150697; 0.118636; 0.0252516; 0.0015252; 0.121705; 0.0252516; 0.0015252; 0.121705; 1.404; 1.0656; 1000; 7; -1; 1000; 1000
0.368; 0.0257516; 0.00165067; 0.12362; 0.0264969; 0.00167751; 0.126884; 0.0264969; 0.00167751; 0.126884; 1.4724; 1.1196; 1000; 7; 0.0498312; 1000; 0.420169
0.384; 0.0269362; 0.00180042; 0.128539; 0.0276682; 0.00182693; 0.132063; 0.0276682; 0.00182693; 0.132063; 1.5372; 1.17; 1000; 7; 0.0683567; 1000; 0.401643
0.4; 0.0281213; 0.00195617; 0.133393; 0.0289119; 0.00199214; 0.137242; 0.0289119; 0.00199214; 0.137242; 1.6056; 1.224; 1000; 7; -1; 1000; 1000
0.416; 0.029307; 0.00211785; 0.138182; 0.0301182; 0.00215873; 0.141126; 0.0301182; 0.00215873; 0.141126; 1.6704; 1.278; 1000; 7; -1; 1000; 1000
0.432; 0.0304931; 0.00228539; 0.142905; 0.0313603; 0.0023352; 0.146305; 0.0313603; 0.0023352; 0.146305; 1.7388; 1.332; 1000; 7; -1; 1000; 1000
0.448; 0.0316798; 0.00245872; 0.147563; 0.0325285; 0.00250735; 0.151484; 0.0325285; 0.00250735; 0.151484; 1.8036; 1.3824; 1000; 7; 0.0544776; 1000; 0.415522
0.464; 0.0328668; 0.00263778; 0.152154; 0.0337687; 0.00269667; 0.156663; 0.0337687; 0.00269667; 0.156663; 1.872; 1.4364; 1000; 7; -1; 1000; 1000
0.48; 0.0340543; 0.00282248; 0.156679; 0.0349715; 0.00288666; 0.160547; 0.0349715; 0.00288666; 0.160547; 1.9368; 1.4904; 1000; 7; -1; 1000; 1000
0.496; 0.0352422; 0.00301277; 0.161138; 0.03621; 0.00308722; 0.165726; 0.03621; 0.00308722; 0.165726; 2.0052; 1.5444; 1000; 7; -1; 1000; 1000
0.512; 0.0364304; 0.00320857; 0.16553; 0.037411; 0.0032881; 0.169611; 0.037411; 0.0032881; 0.169611; 2.07; 1.5984; 1000; 6; 0.060878; 1000; 0.409122
0.528; 0.037619; 0.0034098; 0.169855; 0.0386476; 0.00349988; 0.174789; 0.0386476; 0.00349988; 0.174789; 2.1384; 1.6524; 1000; 7; 0.0646465; 1000; 0.405354
0.544; 0.0388079; 0.00361639; 0.174113; 0.0398467; 0.00371164; 0.178674; 0.0398467; 0.00371164; 0.178674; 2.2032; 1.7064; 1000; 7; 0.0675061; 1000; 0.402494
0.56; 0.0399971; 0.00382825; 0.178303; 0.0410814; 0.00393461; 0.183853; 0.0410814; 0.00393461; 0.183853; 2.2716; 1.7604; 1000; 6; -1; 1000; 1000
0.576; 0.0411865; 0.00404532; 0.182427; 0.0422785; 0.00415723; 0.187737; 0.0422785; 0.00415723; 0.187737; 2.3364; 1.8144; 1000; 7; -1; 1000; 1000
0.592; 0.0423762; 0.00426748; 0.186483; 0.0435111; 0.00439138; 0.190326; 0.0435111; 0.00439138; 0.190326; 2.4012; 1.872; 1000; 7; 0.0679153; 1000; 0.402085
0.608; 0.0435662; 0.00449464; 0.190472; 0.044743; 0.00462873; 0.195505; 0.044743; 0.00462873; 0.195505; 2.4696; 1.926; 1000; 7; 0.0584045; 1000; 0.411596
0.624; 0.0447564; 0.00472672; 0.194393; 0.0459375; 0.00486528; 0.199389; 0.0459375; 0.00486528; 0.199389; 2.5344; 1.98; 1000; 7; -1; 1000; 1000
0.64; 0.0459468; 0.00496363; 0.198245; 0.0471673; 0.00511378; 0.204568; 0.0471673; 0.00511378; 0.204568; 2.6028; 2.034; 1000; 7; -1; 1000; 1000
0.656; 0.0471373; 0.00520529; 0.20203; 0.0483957; 0.00536864; 0.207158; 0.0483957; 0.00536864; 0.207158; 2.6676; 2.0916; 1000; 7; 0.0632815; 1000; 0.406718
0.672; 0.0483281; 0.00545162; 0.205745; 0.0495874; 0.0056191; 0.211042; 0.0495874; 0.0056191; 0.211042; 2.7324; 2.1456; 1000; 7; -1; 1000; 1000
0.688; 0.049519; 0.00570255; 0.209391; 0.0508502; 0.00588964; 0.214926; 0.0508502; 0.00588964; 0.214926; 2.8008; 2.2032; 1000; 7; -1; 1000; 1000
0.704; 0.05071; 0.005958; 0.212968; 0.0520399; 0.00614935; 0.218811; 0.0520399; 0.00614935; 0.218811; 2.8656; 2.2572; 1000; 7; -1; 1000; 1000
0.72; 0.0519011; 0.00621787; 0.216475; 0.0532646; 0.00642168; 0.2214; 0.0532646; 0.00642168; 0.2214; 2.9304; 2.3148; 1000; 7; -1; 1000; 1000
0.736; 0.0530924; 0.00648209; 0.219913; 0.0544886; 0.00669719; 0.226579; 0.0544886; 0.00669719; 0.226579; 2.9988; 2.3688; 1000; 7; 0.0639174; 1000; 0.406083
0.752; 0.0542837; 0.00675057; 0.223281; 0.0557111; 0.00697903; 0.229168; 0.0557111; 0.00697903; 0.229168; 3.0636; 2.4264; 1000; 7; -1; 1000; 1000
0.768; 0.0554751; 0.00702325; 0.226579; 0.0569329; 0.00726403; 0.231758; 0.0569329; 0.00726403; 0.231758; 3.1284; 2.484; 1000; 7; 0.0505789; 1000; 0.419421
0.784; 0.0566666; 0.00730002; 0.229807; 0.058154; 0.0075522; 0.236937; 0.058154; 0.0075522; 0.236937; 3.1968; 2.538; 1000; 5; 0.0556745; 1000; 0.414325
0.8; 0.0578582; 0.00758081; 0.232965; 0.0593735; 0.00784669; 0.239526; 0.0593735; 0.00784669; 0.239526; 3.2616; 2.5956; 1000; 7; -1; 1000; 1000
0.816; 0.0590498; 0.00786554; 0.236053; 0.0605923; 0.00814433; 0.242116; 0.0605923; 0.00814433; 0.242116; 3.3264; 2.6532; 1000; 7; 0.0666084; 1000; 0.403392
0.832; 0.0602414; 0.00815412; 0.23907; 0.0618103; 0.00844513; 0.244705; 0.0618103; 0.00844513; 0.244705; 3.3912; 2.7108; 1000; 7; 0.0667249; 1000; 0.403275
0.848; 0.0614331; 0.00844647; 0.242016; 0.0630275; 0.00874908; 0.247295; 0.0630275; 0.00874908; 0.247295; 3.456; 2.7684; 1000; 7; -1; 1000; 1000
0.864; 0.0626248; 0.00874251; 0.244893; 0.0642797; 0.00906522; 0.251179; 0.0642797; 0.00906522; 0.251179; 3.5244; 2.826; 1000; 7; 0.065679; 1000; 0.404321
0.88; 0.0638165; 0.00904214; 0.247698; 0.065495; 0.00937704; 0.253768; 0.065495; 0.00937704; 0.253768; 3.5892; 2.8836; 1000; 7; -1; 1000; 1000
0.896; 0.0650083; 0.0093453; 0.250433; 0.0666737; 0.00968275; 0.257653; 0.0666737; 0.00968275; 0.257653; 3.654; 2.9376; 1000; 7; 0.0636706; 1000; 0.406329
0.912; 0.0662001; 0.00965188; 0.253097; 0.0679225; 0.0100118; 0.258947; 0.0679225; 0.0100118; 0.258947; 3.7188; 2.9988; 1000; 7; 0.0532971; 1000; 0.416703
0.928; 0.0673919; 0.00996182; 0.255691; 0.0691353; 0.0103331; 0.261537; 0.0691353; 0.0103331; 0.261537; 3.7836; 3.0564; 1000; 7; -1; 1000; 1000
0.944; 0.0685837; 0.010275; 0.258213; 0.0703472; 0.0106575; 0.264126; 0.0703472; 0.0106575; 0.264126; 3.8484; 3.114; 1000; 7; 0.0668644; 1000; 0.403136
0.96; 0.0697755; 0.0105914; 0.260665; 0.071594; 0.0109947; 0.268011; 0.071594; 0.0109947; 0.268011; 3.9168; 3.1716; 1000; 7; -1; 1000; 1000
0.976; 0.0709673; 0.0109108; 0.263046; 0.0728038; 0.0113269; 0.2706; 0.0728038; 0.0113269; 0.2706; 3.9816; 3.2292; 1000; 7; -1; 1000; 1000
0.992; 0.0721591; 0.0112333; 0.265355; 0.0740127; 0.0116623; 0.273189; 0.0740127; 0.0116623; 0.273189; 4.0464; 3.2868; 1000; 7; -1; 1000; 1000
1.008; 0.073351; 0.0115587; 0.267593; 0.0752563; 0.0120107; 0.274484; 0.0752563; 0.0120107; 0.274484; 4.1112; 3.348; 0.31514; 7; 0.0558527; 1000; 0.414147
1.024; 0.0745428; 0.0118869; 0.269761; 0.076464; 0.0123508; 0.277074; 0.076464; 0.0123508; 0.277074; 4.176; 3.4056; 1000; 7; 0.0580653; 1000; 0.411935
1.04; 0.0757347; 0.0122179; 0.271857; 0.0776707; 0.012694; 0.279663; 0.0776707; 0.012694; 0.279663; 4.2408; 3.4632; 1000; 7; 0.0685594; 1000; 0.401441
1.056; 0.0769265; 0.0125515; 0.273881; 0.078912; 0.0130505; 0.280958; 0.078912; 0.0130505; 0.280958; 4.3056; 3.5244; 1000; 7; 0.0593294; 1000; 0.410671
1.072; 0.0781184; 0.0128877; 0.275835; 0.0801174; 0.0133983; 0.283547; 0.0801174; 0.0133983; 0.283547; 4.3704; 3.582; 1000; 7; 0.0697272; 1000; 0.400273
1.088; 0.0793102; 0.0132263; 0.277717; 0.0813574; 0.0137596; 0.284842; 0.0813574; 0.0137596; 0.284842; 4.4352; 3.6432; 1000; 7; 0.0583551; 1000; 0.411645
1.104; 0.0805021; 0.0135674; 0.279528; 0.0825614; 0.0141122; 0.287432; 0.0825614; 0.0141122; 0.287432; 4.5; 3.7008; 1000; 7; -1; 1000; 1000
1.12; 0.081694; 0.0139107; 0.281267; 0.0837999; 0.0144783; 0.288726; 0.0837999; 0.0144783; 0.288726; 4.5648; 3.762; 1000; 7; -1; 1000; 1000
1.136; 0.0828859; 0.0142563; 0.282935; 0.0849672; 0.014825; 0.290021; 0.0849672; 0.014825; 0.290021; 4.626; 3.8196; 1000; 7; 0.056068; 1000; 0.413932
1.152; 0.0840778; 0.014604; 0.284532; 0.0862048; 0.0151944; 0.291316; 0.0862048; 0.0151944; 0.291316; 4.6908; 3.8808; 1000; 7; 0.0493106; 1000; 0.420689
1.168; 0.0852697; 0.0149537; 0.286057; 0.0874065; 0.0155547; 0.293905; 0.0874065; 0.0155547; 0.293905; 4.7556; 3.9384; 1000; 7; 0.0510168; 1000; 0.418983
1.184; 0.0864617; 0.0153054; 0.287511; 0.0886426; 0.0159288; 0.2952; 0.0886426; 0.0159288; 0.2952; 4.8204; 3.9996; 1000; 7; -1; 1000; 1000
1.2; 0.0876537; 0.0156589; 0.288893; 0.0898783; 0.0163046; 0.296495; 0.0898783; 0.0163046; 0.296495; 4.8852; 4.0608; 1000; 6; -1; 1000; 1000
1.216; 0.0888458; 0.0160141; 0.290205; 0.0911134; 0.0166819; 0.297789; 0.0911134; 0.0166819; 0.297789; 4.95; 4.122; 1000; 7; 0.0668763; 1000; 0.403124
1.232; 0.0900379; 0.0163711; 0.291444; 0.0922775; 0.0170392; 0.299084; 0.0922775; 0.0170392; 0.299084; 5.0112; 4.1796; 1000; 6; 0.0652791; 1000; 0.404721
1.248; 0.09123; 0.0167296; 0.292613; 0.0935117; 0.0174197; 0.300379; 0.0935117; 0.0174197; 0.300379; 5.076; 4.2408; 1000; 7; -1; 1000; 1000
1.264; 0.0924222; 0.0170897; 0.29371; 0.0947454; 0.0178019; 0.301674; 0.0947454; 0.0178019; 0.301674; 5.1408; 4.302; 1000; 7; 0.0627887; 1000; 0.407211
1.28; 0.0936144; 0.0174511; 0.294736; 0.0959786; 0.0181856; 0.302968; 0.0959786; 0.0181856; 0.302968; 5.2056; 4.3632; 1000; 7; -1; 1000; 1000
1.296; 0.0948067; 0.0178138; 0.29569; 0.097176; 0.0185599; 0.302968; 0.097176; 0.0185599; 0.302968; 5.2668; 4.4244; 1000; 7; -1; 1000; 1000
1.312; 0.0959991; 0.0181778; 0.296574; 0.0984087; 0.0189452; 0.304263; 0.0984087; 0.0189452; 0.304263; 5.3316; 4.4856; 1000; 7; -1; 1000; 1000
1.328; 0.0971916; 0.0185429; 0.297386; 0.0996409; 0.0193322; 0.305558; 0.0996409; 0.0193322; 0.305558; 5.3964; 4.5468; 1000; 7; 0.0618836; 1000; 0.408116
1.344; 0.0983842; 0.018909; 0.298127; 0.100837; 0.0197096; 0.305558; 0.100837; 0.0197096; 0.305558; 5.4576; 4.608; 1000; 7; 0.064309; 1000; 0.405691
1.36; 0.0995768; 0.0192761; 0.298797; 0.102069; 0.0200981; 0.306853; 0.102069; 0.0200981; 0.306853; 5.5224; 4.6692; 1000; 7; 0.0586166; 1000; 0.411383
1.376; 0.10077; 0.0196441; 0.299396; 0.103265; 0.0204771; 0.306853; 0.103265; 0.0204771; 0.306853; 5.5836; 4.7304; 1000; 7; 0.0613507; 1000; 0.408649
1.392; 0.101962; 0.0200128; 0.299925; 0.104496; 0.0208672; 0.308147; 0.104496; 0.0208672; 0.308147; 5.6484; 4.7916; 1000; 7; -1; 1000; 1000
1.408; 0.103155; 0.0203822; 0.300382; 0.105692; 0.0212477; 0.308147; 0.105692; 0.0212477; 0.308147; 5.7096; 4.8528; 1000; 7; -1; 1000; 1000
1.424; 0.104349; 0.0207522; 0.300769; 0.106922; 0.0216394; 0.309442; 0.106922; 0.0216394; 0.309442; 5.7744; 4.914; 1000; 7; 0.0598596; 1000; 0.41014
1.44; 0.105542; 0.0211227; 0.301086; 0.108153; 0.0220327; 0.308147; 0.108153; 0.0220327; 0.308147; 5.8356; 4.9788; 1000; 7; -1; 1000; 1000
1.456; 0.106735; 0.0214936; 0.301333; 0.109383; 0.0224244; 0.309442; 0.109383; 0.0224244; 0.309442; 5.9004; 5.04; 1000; 7; -1; 1000; 1000
1.472; 0.107929; 0.0218648; 0.30151; 0.110578; 0.0228064; 0.309442; 0.110578; 0.0228064; 0.309442; 5.9616; 5.1012; 1000; 7; -1; 1000; 1000
1.488; 0.109122; 0.0222362; 0.301616; 0.111844; 0.023211; 0.309442; 0.111844; 0.023211; 0.309442; 6.0264; 5.166; 1000; 7; 0.0537448; 1000; 0.416255
1.504; 0.110316; 0.0226079; 0.301649; 0.113039; 0.023593; 0.309442; 0.113039; 0.023593; 0.309442; 6.0876; 5.2272; 1000; 7; -1; 1000; 1000
1.52; 0.11151; 0.0229795; 0.301609; 0.114234; 0.0239751; 0.309442; 0.114234; 0.0239751; 0.309442; 6.1488; 5.2884; 1000; 7; 0.0612634; 1000; 0.408737
1.536; 0.112704; 0.0233511; 0.3015; 0.115499; 0.0243796; 0.309442; 0.115499; 0.0243796; 0.309442; 6.2136; 5.3532; 1000; 7; -1; 1000; 1000
1.552; 0.113899; 0.0237226; 0.30132; 0.116694; 0.0247617; 0.309442; 0.116694; 0.0247617; 0.309442; 6.2748; 5.4144; 1000; 7; -1; 1000; 1000
1.568; 0.115093; 0.0240939; 0.30107; 0.117924; 0.025155; 0.308147; 0.117924; 0.025155; 0.308147; 6.336; 5.4792; 1000; 7; -1; 1000; 1000
1.584; 0.116288; 0.0244649; 0.300751; 0.119155; 0.0255467; 0.309442; 0.119155; 0.0255467; 0.309442; 6.4008; 5.5404; 1000; 7; 0.0668383; 1000; 0.403162
1.6; 0.117483; 0.0248355; 0.300361; 0.120385; 0.02594; 0.308147; 0.120385; 0.02594; 0.308147; 6.462; 5.6052; 1000; 4; 0.0691242; 1000; 0.400876
1.616; 0.118678; 0.0252056; 0.299901; 0.12158; 0.0263205; 0.308147; 0.12158; 0.0263205; 0.308147; 6.5232; 5.6664; 1000; 7; 0.0626631; 1000; 0.407337
1.632; 0.119874; 0.0255751; 0.299372; 0.122811; 0.0267122; 0.306853; 0.122811; 0.0267122; 0.306853; 6.5844; 5.7312; 1000; 7; 0.0679396; 1000; 0.40206
1.648; 0.121069; 0.025944; 0.298773; 0.124007; 0.0270912; 0.306853; 0.124007; 0.0270912; 0.306853; 6.6456; 5.7924; 1000; 7; -1; 1000; 1000
1.664; 0.122265; 0.0263121; 0.298105; 0.125238; 0.0274813; 0.305558; 0.125238; 0.0274813; 0.305558; 6.7068; 5.8572; 1000; 7; -1; 1000; 1000
1.68; 0.123462; 0.0266794; 0.297368; 0.12647; 0.0278698; 0.304263; 0.12647; 0.0278698; 0.304263; 6.768; 5.922; 1000; 7; 0.0690243; 1000; 0.400976
1.696; 0.124658; 0.0270458; 0.296562; 0.127702; 0.0282567; 0.305558; 0.127702; 0.0282567; 0.305558; 6.8328; 5.9832; 1000; 7; -1; 1000; 1000
1.712; 0.125855; 0.0274111; 0.295687; 0.128934; 0.0286452; 0.304263; 0.128934; 0.0286452; 0.304263; 6.894; 6.048; 1000; 6; -1; 1000; 1000
1.728; 0.127052; 0.0277753; 0.294745; 0.130166; 0.0290321; 0.302968; 0.130166; 0.0290321; 0.302968; 6.9552; 6.1128; 1000; 7; -1; 1000; 1000
1.744; 0.128249; 0.0281383; 0.293734; 0.131399; 0.0294175; 0.301674; 0.131399; 0.0294175; 0.301674; 7.0164; 6.1776; 1000; 7; -1; 1000; 1000
1.76; 0.129446; 0.0285001; 0.292655; 0.132632; 0.0298012; 0.300379; 0.132632; 0.0298012; 0.300379; 7.0776; 6.2424; 1000; 7; -1; 1000; 1000
1.776; 0.130644; 0.0288605; 0.291508; 0.133795; 0.0301615; 0.299084; 0.133795; 0.0301615; 0.299084; 7.1352; 6.3036; 1000; 7; -1; 1000; 1000
1.792; 0.131842; 0.0292194; 0.290294; 0.135029; 0.030542; 0.297789; 0.135029; 0.030542; 0.297789; 7.1964; 6.3684; 1000; 7; 0.0638057; 1000; 0.406194
1.808; 0.133041; 0.0295768; 0.289013; 0.136264; 0.030921; 0.296495; 0.136264; 0.030921; 0.296495; 7.2576; 6.4332; 1000; 7; -1; 1000; 1000
1.824; 0.134239; 0.0299326; 0.287665; 0.137499; 0.0312983; 0.2952; 0.137499; 0.0312983; 0.2952; 7.3188; 6.498; 1000; 7; 0.0545801; 1000; 0.41542
1.84; 0.135438; 0.0302866; 0.28625; 0.138735; 0.031674; 0.293905; 0.138735; 0.031674; 0.293905; 7.38; 6.5628; 1000; 7; 0.0583462; 1000; 0.411654
1.856; 0.136637; 0.0306388; 0.284768; 0.139971; 0.0320482; 0.292611; 0.139971; 0.0320482; 0.292611; 7.4412; 6.6276; 1000; 7; -1; 1000; 1000
1.872; 0.137837; 0.0309892; 0.28322; 0.141172; 0.0324101; 0.290021; 0.141172; 0.0324101; 0.290021; 7.4988; 6.6924; 1000; 7; 0.0556043; 1000; 0.414396
1.888; 0.139036; 0.0313376; 0.281607; 0.142409; 0.0327794; 0.288726; 0.142409; 0.0327794; 0.288726; 7.56; 6.7572; 1000; 7; 0.0660945; 1000; 0.403906
1.904; 0.140236; 0.0316839; 0.279927; 0.143648; 0.0331471; 0.287432; 0.143648; 0.0331471; 0.287432; 7.6212; 6.822; 1000; 7; 0.0662424; 1000; 0.403758
1.92; 0.141437; 0.0320281; 0.278182; 0.144851; 0.0335028; 0.284842; 0.144851; 0.0335028; 0.284842; 7.6788; 6.8868; 1000; 7; 0.0693673; 1000; 0.400633
1.936; 0.142637; 0.03237; 0.276371; 0.14609; 0.0338657; 0.283547; 0.14609; 0.0338657; 0.283547; 7.74; 6.9516; 1000; 7; 0.0536218; 1000; 0.416378
1.952; 0.143838; 0.0327097; 0.274495; 0.14733; 0.034227; 0.282253; 0.14733; 0.034227; 0.282253; 7.8012; 7.0164; 1000; 7; 0.0640483; 1000; 0.405952
1.968; 0.14504; 0.0330469; 0.272555; 0.148535; 0.0345765; 0.279663; 0.148535; 0.0345765; 0.279663; 7.8588; 7.0812; 1000; 7; -1; 1000; 1000
1.984; 0.146241; 0.0333817; 0.27055; 0.149776; 0.034933; 0.278368; 0.149776; 0.034933; 0.278368; 7.92; 7.146; 1000; 6; 0.0669867; 1000; 0.403013
2; 0.147443; 0.0337139; 0.268482; 0.150983; 0.0352777; 0.275779; 0.150983; 0.0352777; 0.275779; 7.9776; 7.2108; 0.264999; 7; 0.0566789; 1000; 0.413321
2.016; 0.148645; 0.0340435; 0.266348; 0.152225; 0.0356294; 0.274484; 0.152225; 0.0356294; 0.274484; 8.0388; 7.2756; 1000; 6; 0.0699928; 1000; 0.400007
2.032; 0.149847; 0.0343703; 0.26415; 0.153468; 0.0359794; 0.2706; 0.153468; 0.0359794; 0.2706; 8.0964; 7.344; 1000; 6; 0.0499787; 1000; 0.420021
2.048; 0.15105; 0.0346944; 0.261888; 0.154713; 0.0363247; 0.269305; 0.154713; 0.0363247; 0.269305; 8.1576; 7.4088; 1000; 7; -1; 1000; 1000
2.064; 0.152253; 0.0350156; 0.259562; 0.155922; 0.0366585; 0.266716; 0.155922; 0.0366585; 0.266716; 8.2152; 7.4736; 1000; 7; 0.0678998; 1000; 0.4021
2.08; 0.153456; 0.0353338; 0.257173; 0.157133; 0.0369891; 0.264126; 0.157133; 0.0369891; 0.264126; 8.2728; 7.5384; 1000; 7; 0.0696531; 1000; 0.400347
2.096; 0.154659; 0.035649; 0.254721; 0.158379; 0.0373263; 0.262832; 0.158379; 0.0373263; 0.262832; 8.334; 7.6032; 1000; 7; 0.0537322; 1000; 0.416268
2.112; 0.155863; 0.035961; 0.252206; 0.159626; 0.0376619; 0.258947; 0.159626; 0.0376619; 0.258947; 8.3916; 7.6716; 1000; 7; 0.0665775; 1000; 0.403423
2.128; 0.157066; 0.0362699; 0.249628; 0.160839; 0.0379831; 0.256358; 0.160839; 0.0379831; 0.256358; 8.4492; 7.7364; 1000; 7; 0.0696274; 1000; 0.400373
2.144; 0.15827; 0.0365754; 0.246988; 0.162053; 0.0383012; 0.253768; 0.162053; 0.0383012; 0.253768; 8.5068; 7.8012; 1000; 7; 0.0548893; 1000; 0.415111
2.16; 0.159475; 0.0368777; 0.244287; 0.163303; 0.0386255; 0.249884; 0.163303; 0.0386255; 0.249884; 8.5644; 7.8696; 1000; 7; 0.0578253; 1000; 0.412175
2.176; 0.160679; 0.0371764; 0.241524; 0.164554; 0.0389448; 0.248589; 0.164554; 0.0389448; 0.248589; 8.6256; 7.9344; 1000; 7; -1; 1000; 1000
2.192; 0.161884; 0.0374717; 0.238701; 0.16577; 0.0392535; 0.246; 0.16577; 0.0392535; 0.246; 8.6832; 7.9992; 1000; 7; 0.0566907; 1000; 0.413309
2.208; 0.163089; 0.0377634; 0.235816; 0.167023; 0.039568; 0.242116; 0.167023; 0.039568; 0.242116; 8.7408; 8.0676; 1000; 7; -1; 1000; 1000
2.224; 0.164294; 0.0380515; 0.232871; 0.168241; 0.0398688; 0.239526; 0.168241; 0.0398688; 0.239526; 8.7984; 8.1324; 1000; 7; -1; 1000; 1000
2.24; 0.165499; 0.0383358; 0.229867; 0.16946; 0.0401665; 0.236937; 0.16946; 0.0401665; 0.236937; 8.856; 8.1972; 1000; 7; -1; 1000; 1000
2.256; 0.166705; 0.0386163; 0.226803; 0.170715; 0.0404696; 0.233053; 0.170715; 0.0404696; 0.233053; 8.9136; 8.2656; 1000; 7; -1; 1000; 1000
2.272; 0.16791; 0.038893; 0.223679; 0.171936; 0.0407594; 0.230463; 0.171936; 0.0407594; 0.230463; 8.9712; 8.3304; 1000; 7; -1; 1000; 1000
2.288; 0.169116; 0.0391657; 0.220497; 0.173193; 0.0410544; 0.226579; 0.173193; 0.0410544; 0.226579; 9.0288; 8.3988; 1000; 7; 0.0595639; 1000; 0.410436
2.304; 0.170321; 0.0394343; 0.217257; 0.174416; 0.0413362; 0.223989; 0.174416; 0.0413362; 0.223989; 9.0864; 8.4636; 1000; 6; -1; 1000; 1000
2.32; 0.171527; 0.0396989; 0.213958; 0.175639; 0.0416149; 0.218811; 0.175639; 0.0416149; 0.218811; 9.1404; 8.532; 1000; 7; -1; 1000; 1000
2.336; 0.172733; 0.0399593; 0.210602; 0.176864; 0.0418872; 0.216221; 0.176864; 0.0418872; 0.216221; 9.198; 8.5968; 1000; 7; -1; 1000; 1000
2.352; 0.173939; 0.0402155; 0.207189; 0.178089; 0.0421564; 0.213632; 0.178089; 0.0421564; 0.213632; 9.2556; 8.6616; 1000; 7; -1; 1000; 1000
2.368; 0.175145; 0.0404674; 0.20372; 0.179351; 0.0424302; 0.209747; 0.179351; 0.0424302; 0.209747; 9.3132; 8.73; 1000; 7; 0.0594207; 1000; 0.410579
2.384; 0.176351; 0.0407149; 0.200193; 0.180542; 0.0426838; 0.205863; 0.180542; 0.0426838; 0.205863; 9.3672; 8.7948; 1000; 7; 0.050894; 1000; 0.419106
2.4; 0.177557; 0.0409579; 0.196611; 0.181806; 0.0429478; 0.201979; 0.181806; 0.0429478; 0.201979; 9.4248; 8.8632; 1000; 7; -1; 1000; 1000
2.416; 0.178763; 0.0411964; 0.192974; 0.183036; 0.0431994; 0.199389; 0.183036; 0.0431994; 0.199389; 9.4824; 8.928; 1000; 7; -1; 1000; 1000
2.432; 0.179969; 0.0414304; 0.189282; 0.184265; 0.0434479; 0.194211; 0.184265; 0.0434479; 0.194211; 9.5364; 8.9964; 1000; 7; -1; 1000; 1000
2.448; 0.181175; 0.0416596; 0.185535; 0.185533; 0.0436972; 0.190326; 0.185533; 0.0436972; 0.190326; 9.594; 9.0648; 1000; 7; -1; 1000; 1000
2.464; 0.182381; 0.0418841; 0.181734; 0.186765; 0.0439345; 0.187737; 0.186765; 0.0439345; 0.187737; 9.6516; 9.1296; 1000; 7; -1; 1000; 1000
2.48; 0.183587; 0.0421039; 0.17788; 0.187997; 0.0441687; 0.182558; 0.187997; 0.0441687; 0.182558; 9.7056; 9.198; 1000; 7; -1; 1000; 1000
2.496; 0.184793; 0.0423187; 0.173972; 0.189195; 0.0443898; 0.178674; 0.189195; 0.0443898; 0.178674; 9.7596; 9.2628; 1000; 7; -1; 1000; 1000
2.512; 0.185998; 0.0425286; 0.170012; 0.190465; 0.0446193; 0.174789; 0.190465; 0.0446193; 0.174789; 9.8172; 9.3312; 1000; 7; 0.0686478; 1000; 0.401352
2.528; 0.187203; 0.0427336; 0.165999; 0.191665; 0.044831; 0.170905; 0.191665; 0.044831; 0.170905; 9.8712; 9.396; 1000; 7; 0.0687943; 1000; 0.401206
2.544; 0.188409; 0.0429335; 0.161935; 0.192937; 0.0450507; 0.167021; 0.192937; 0.0450507; 0.167021; 9.9288; 9.4644; 1000; 6; -1; 1000; 1000
2.56; 0.189613; 0.0431283; 0.15782; 0.194138; 0.0452531; 0.163137; 0.194138; 0.0452531; 0.163137; 9.9828; 9.5292; 1000; 7; 0.065966; 1000; 0.404034
2.576; 0.190818; 0.0433179; 0.153655; 0.195376; 0.0454569; 0.157958; 0.195376; 0.0454569; 0.157958; 10.0368; 9.5976; 1000; 7; -1; 1000; 1000
2.592; 0.192022; 0.0435023; 0.149439; 0.196651; 0.0456601; 0.154074; 0.196651; 0.0456601; 0.154074; 10.0944; 9.666; 1000; 7; -1; 1000; 1000
2.608; 0.193226; 0.0436814; 0.145173; 0.197855; 0.0458469; 0.150189; 0.197855; 0.0458469; 0.150189; 10.1484; 9.7308; 1000; 7; -1; 1000; 1000
2.624; 0.19443; 0.0438552; 0.140857; 0.199095; 0.0460346; 0.145011; 0.199095; 0.0460346; 0.145011; 10.2024; 9.7992; 1000; 7; -1; 1000; 1000
2.64; 0.195633; 0.0440236; 0.136492; 0.2003; 0.0462106; 0.141126; 0.2003; 0.0462106; 0.141126; 10.2564; 9.864; 1000; 7; 0.0615114; 1000; 0.408489
2.656; 0.196836; 0.0441865; 0.132077; 0.201542; 0.0463871; 0.135947; 0.201542; 0.0463871; 0.135947; 10.3104; 9.9324; 1000; 7; -1; 1000; 1000
2.672; 0.198038; 0.0443439; 0.127614; 0.202785; 0.0465571; 0.130768; 0.202785; 0.0465571; 0.130768; 10.3644; 10.0008; 1000; 7; 0.0534486; 1000; 0.416551
2.688; 0.199239; 0.0444958; 0.123103; 0.203993; 0.0467159; 0.126884; 0.203993; 0.0467159; 0.126884; 10.4184; 10.0656; 1000; 7; -1; 1000; 1000
2.704; 0.200441; 0.0446421; 0.118544; 0.205237; 0.0468747; 0.121705; 0.205237; 0.0468747; 0.121705; 10.4724; 10.134; 1000; 7; 0.0681489; 1000; 0.401851
2.72; 0.201641; 0.0447827; 0.113938; 0.206446; 0.0470225; 0.117821; 0.206446; 0.0470225; 0.117821; 10.5264; 10.1988; 1000; 7; 0.0613871; 1000; 0.408613
2.736; 0.202841; 0.0449176; 0.109285; 0.207692; 0.04717; 0.112642; 0.207692; 0.04717; 0.112642; 10.5804; 10.2672; 1000; 7; 0.0586234; 1000; 0.411377
2.752; 0.20404; 0.0450468; 0.104586; 0.208938; 0.047311; 0.107463; 0.208938; 0.047311; 0.107463; 10.6344; 10.3356; 1000; 7; 0.0523455; 1000; 0.417655
2.768; 0.205239; 0.0451701; 0.0998415; 0.210149; 0.0474416; 0.103579; 0.210149; 0.0474416; 0.103579; 10.6884; 10.4004; 1000; 7; -1; 1000; 1000
2.784; 0.206436; 0.0452877; 0.0950515; 0.211397; 0.0475713; 0.0984; 0.211397; 0.0475713; 0.0984; 10.7424; 10.4688; 1000; 7; 0.0519245; 1000; 0.418076
2.8; 0.207633; 0.0453993; 0.0902168; 0.212609; 0.0476909; 0.0945158; 0.212609; 0.0476909; 0.0945158; 10.7964; 10.5336; 1000; 7; -1; 1000; 1000
2.816; 0.208829; 0.045505; 0.0853377; 0.213821; 0.0478059; 0.0880421; 0.213821; 0.0478059; 0.0880421; 10.8468; 10.602; 1000; 7; 0.0620623; 1000; 0.407938
2.832; 0.210025; 0.0456048; 0.0804148; 0.215071; 0.0479162; 0.0828632; 0.215071; 0.0479162; 0.0828632; 10.9008; 10.6704; 1000; 7; 0.0507679; 1000; 0.419232
2.848; 0.211219; 0.0456985; 0.0754486; 0.216284; 0.048017; 0.0789789; 0.216284; 0.048017; 0.0789789; 10.9548; 10.7352; 1000; 7; -1; 1000; 1000
2.864; 0.212412; 0.0457862; 0.0704396; 0.217498; 0.048113; 0.0725053; 0.217498; 0.048113; 0.0725053; 11.0052; 10.8036; 1000; 7; -1; 1000; 1000
2.88; 0.213605; 0.0458678; 0.0653882; 0.218713; 0.0482013; 0.0686211; 0.218713; 0.0482013; 0.0686211; 11.0592; 10.8684; 1000; 7; -1; 1000; 1000
2.896; 0.214796; 0.0459433; 0.0602949; 0.219927; 0.0482847; 0.0621474; 0.219927; 0.0482847; 0.0621474; 11.1096; 10.9368; 1000; 7; 0.0624654; 1000; 0.407535
2.912; 0.215986; 0.0460126; 0.0551603; 0.22118; 0.0483627; 0.0569684; 0.22118; 0.0483627; 0.0569684; 11.1636; 11.0052; 1000; 7; 0.0680906; 1000; 0.401909
2.928; 0.217175; 0.0460758; 0.0499848; 0.222395; 0.048432; 0.0530842; 0.222395; 0.048432; 0.0530842; 11.2176; 11.07; 1000; 7; -1; 1000; 1000
2.944; 0.218363; 0.0461326; 0.044769; 0.223611; 0.0484966; 0.0466105; 0.223611; 0.0484966; 0.0466105; 11.268; 11.1384; 1000; 7; -1; 1000; 1000
2.96; 0.219549; 0.0461833; 0.0395133; 0.224791; 0.0485516; 0.0414316; 0.224791; 0.0485516; 0.0414316; 11.3184; 11.2032; 1000; 7; 0.0650079; 1000; 0.404992
2.976; 0.220735; 0.0462276; 0.0342182; 0.226044; 0.0486036; 0.0362526; 0.226044; 0.0486036; 0.0362526; 11.3724; 11.2716; 1000; 7; 0.0647715; 1000; 0.405229
2.992; 0.221918; 0.0462656; 0.0288842; 0.227224; 0.0486464; 0.0310737; 0.227224; 0.0486464; 0.0310737; 11.4228; 11.3364; 0.133168; 7; 0.0625605; 1000; 0.407439
3.008; 0.223101; 0.0462972; 0.0235119; 0.228441; 0.0486842; 0.0246; 0.228441; 0.0486842; 0.0246; 11.4732; 11.4048; 1000; 6; 0.065631; 1000; 0.404369
3.024; 0.224282; 0.0463224; 0.0181018; 0.229696; 0.0487151; 0.0194211; 0.229696; 0.0487151; 0.0194211; 11.5272; 11.4732; 1000; 7; 0.0682508; 1000; 0.401749
3.04; 0.225462; 0.0463412; 0.0126542; 0.230876; 0.048738; 0.0142421; 0.230876; 0.048738; 0.0142421; 11.5776; 11.538; 1000; 6; 0.0580297; 1000; 0.41197
3.056; 0.22664; 0.0463535; 0.00716981; 0.232094; 0.0487554; 0.00776842; 0.232094; 0.0487554; 0.00776842; 11.628; 11.6064; 1000; 7; -1; 1000; 1000
3.072; 0.227816; 0.0463593; 0.00164901; 0.233275; 0.0487645; 0.00258947; 0.233275; 0.0487645; 0.00258947; 11.6784; 11.6712; 1000; 6; -1; 1000; 1000
3.088; 0.228991; 0.0463586; -0.00390767; 0.234492; 0.0487677; -0.00388421; 0.234492; 0.0487677; -0.00388421; 11.7288; 11.7396; 1000; 6; -1; 1000; 1000
3.104; 0.230164; 0.0463514; -0.00949972; 0.235673; 0.0487631; -0.00906316; 0.235673; 0.0487631; -0.00906316; 11.7792; 11.8044; 1000; 7; -1; 1000; 1000
3.12; 0.231336; 0.0463376; -0.0151267; 0.236891; 0.0487521; -0.0155368; 0.236891; 0.0487521; -0.0155368; 11.8296; 11.8728; 1000; 6; 0.0622975; 1000; 0.407703
3.136; 0.232505; 0.0463171; -0.020788; 0.238071; 0.0487337; -0.0207158; 0.238071; 0.0487337; -0.0207158; 11.88; 11.9376; 1000; 7; -1; 1000; 1000
3.152; 0.233673; 0.0462901; -0.0264831; 0.239289; 0.0487085; -0.0271895; 0.239289; 0.0487085; -0.0271895; 11.9304; 12.006; 1000; 7; 0.0671715; 1000; 0.402828
3.168; 0.234839; 0.0462565; -0.0322117; 0.240469; 0.0486764; -0.0323684; 0.240469; 0.0486764; -0.0323684; 11.9808; 12.0708; 1000; 7; -1; 1000; 1000
3.184; 0.236003; 0.0462162; -0.037973; 0.241686; 0.048637; -0.0388421; 0.241686; 0.048637; -0.0388421; 12.0312; 12.1392; 1000; 7; -1; 1000; 1000
3.2; 0.237165; 0.0461693; -0.0437667; 0.242866; 0.0485911; -0.0440211; 0.242866; 0.0485911; -0.0440211; 12.0816; 12.204; 1000; 7; 0.0572164; 1000; 0.412784
3.216; 0.238325; 0.0461157; -0.0495922; 0.244046; 0.0485392; -0.0492; 0.244046; 0.0485392; -0.0492; 12.132; 12.2688; 1000; 7; -1; 1000; 1000
3.232; 0.239482; 0.0460554; -0.0554491; 0.245262; 0.0484793; -0.0556737; 0.245262; 0.0484793; -0.0556737; 12.1824; 12.3372; 1000; 7; -1; 1000; 1000
3.248; 0.240638; 0.0459884; -0.0613367; 0.246404; 0.0484156; -0.0621474; 0.246404; 0.0484156; -0.0621474; 12.2292; 12.402; 1000; 7; -1; 1000; 1000
3.264; 0.241791; 0.0459147; -0.0672545; 0.24762; 0.04834; -0.0686211; 0.24762; 0.04834; -0.0686211; 12.2796; 12.4704; 1000; 6; 0.0517704; 1000; 0.41823
3.28; 0.242942; 0.0458343; -0.0732021; 0.248798; 0.048259; -0.0738; 0.248798; 0.048259; -0.0738; 12.33; 12.5352; 1000; 6; 0.0644342; 1000; 0.405566
3.296; 0.244091; 0.0457471; -0.0791789; 0.249938; 0.0481747; -0.0802737; 0.249938; 0.0481747; -0.0802737; 12.3768; 12.6; 1000; 7; 0.0623304; 1000; 0.40767
3.312; 0.245237; 0.0456532; -0.0851845; 0.251152; 0.048077; -0.0867474; 0.251152; 0.048077; -0.0867474; 12.4272; 12.6684; 1000; 7; -1; 1000; 1000
3.328; 0.246381; 0.0455526; -0.0912182; 0.252329; 0.0479747; -0.0919263; 0.252329; 0.0479747; -0.0919263; 12.4776; 12.7332; 1000; 7; 0.05909; 1000; 0.41091
3.344; 0.247523; 0.0454452; -0.0972795; 0.253468; 0.0478697; -0.0984; 0.253468; 0.0478697; -0.0984; 12.5244; 12.798; 1000; 7; 0.0672425; 1000; 0.402757
3.36; 0.248662; 0.0453311; -0.103368; 0.254679; 0.0477501; -0.104874; 0.254679; 0.0477501; -0.104874; 12.5748; 12.8664; 1000; 7; 0.0585294; 1000; 0.411471
3.376; 0.249798; 0.0452103; -0.109483; 0.255817; 0.0476304; -0.111347; 0.255817; 0.0476304; -0.111347; 12.6216; 12.9312; 1000; 7; 0.0606109; 1000; 0.409389
3.392; 0.250931; 0.0450827; -0.115624; 0.25699; 0.0474992; -0.116526; 0.25699; 0.0474992; -0.116526; 12.672; 12.996; 1000; 7; 0.0683889; 1000; 0.401611
3.408; 0.252062; 0.0449484; -0.121791; 0.258163; 0.0473619; -0.124295; 0.258163; 0.0473619; -0.124295; 12.7188; 13.0644; 1000; 7; -1; 1000; 1000
3.424; 0.25319; 0.0448073; -0.127983; 0.259298; 0.0472201; -0.130768; 0.259298; 0.0472201; -0.130768; 12.7656; 13.1292; 1000; 7; 0.0601132; 1000; 0.409887
3.44; 0.254315; 0.0446595; -0.134199; 0.260469; 0.0470661; -0.135947; 0.260469; 0.0470661; -0.135947; 12.816; 13.194; 1000; 7; -1; 1000; 1000
3.456; 0.255438; 0.044505; -0.140439; 0.261602; 0.0469111; -0.142421; 0.261602; 0.0469111; -0.142421; 12.8628; 13.2588; 1000; 7; 0.0641992; 1000; 0.405801
3.472; 0.256557; 0.0443437; -0.146702; 0.262735; 0.0467487; -0.148895; 0.262735; 0.0467487; -0.148895; 12.9096; 13.3236; 1000; 7; 0.0611948; 1000; 0.408805
3.488; 0.257673; 0.0441757; -0.152989; 0.263902; 0.0465735; -0.156663; 0.263902; 0.0465735; -0.156663; 12.9564; 13.392; 1000; 6; 0.067378; 1000; 0.402622
3.504; 0.258787; 0.0440011; -0.159297; 0.265032; 0.046395; -0.163137; 0.265032; 0.046395; -0.163137; 13.0032; 13.4568; 1000; 6; 0.0636229; 1000; 0.406377
3.52; 0.259897; 0.0438197; -0.165628; 0.266161; 0.0462093; -0.169611; 0.266161; 0.0462093; -0.169611; 13.05; 13.5216; 1000; 7; -1; 1000; 1000
3.536; 0.261004; 0.0436316; -0.17198; 0.267325; 0.0460099; -0.174789; 0.267325; 0.0460099; -0.174789; 13.1004; 13.5864; 1000; 7; 0.0595307; 1000; 0.410469
3.552; 0.262108; 0.0434369; -0.178352; 0.268451; 0.045811; -0.181263; 0.268451; 0.045811; -0.181263; 13.1472; 13.6512; 1000; 7; 0.0677644; 1000; 0.402236
3.568; 0.263208; 0.0432355; -0.184744; 0.269577; 0.0456048; -0.187737; 0.269577; 0.0456048; -0.187737; 13.194; 13.716; 1000; 7; -1; 1000; 1000
3.584; 0.264305; 0.0430275; -0.191156; 0.2707; 0.0453913; -0.194211; 0.2707; 0.0453913; -0.194211; 13.2408; 13.7808; 1000; 7; 0.0597418; 1000; 0.410258
3.6; 0.265399; 0.0428128; -0.197587; 0.271823; 0.0451706; -0.200684; 0.271823; 0.0451706; -0.200684; 13.2876; 13.8456; 1000; 7; 0.0593514; 1000; 0.410649
3.616; 0.26649; 0.0425915; -0.204037; 0.272908; 0.0449499; -0.208453; 0.272908; 0.0449499; -0.208453; 13.3308; 13.9104; 1000; 7; 0.0574822; 1000; 0.412518
3.632; 0.267576; 0.0423636; -0.210505; 0.274027; 0.0447132; -0.214926; 0.274027; 0.0447132; -0.214926; 13.3776; 13.9752; 1000; 6; 0.0555337; 1000; 0.414466
3.648; 0.26866; 0.0421291; -0.216989; 0.275144; 0.0444692; -0.2214; 0.275144; 0.0444692; -0.2214; 13.4244; 14.04; 1000; 7; -1; 1000; 1000
3.664; 0.269739; 0.0418881; -0.223491; 0.27626; 0.044218; -0.227874; 0.27626; 0.044218; -0.227874; 13.4712; 14.1048; 1000; 5; -1; 1000; 1000
3.68; 0.270815; 0.0416405; -0.230009; 0.277375; 0.0439596; -0.234347; 0.277375; 0.0439596; -0.234347; 13.518; 14.1696; 1000; 7; -1; 1000; 1000
3.696; 0.271888; 0.0413863; -0.236543; 0.278451; 0.0437025; -0.242116; 0.278451; 0.0437025; -0.242116; 13.5612; 14.2344; 1000; 7; 0.0594062; 1000; 0.410594
3.712; 0.272956; 0.0411257; -0.243092; 0.279562; 0.0434283; -0.248589; 0.279562; 0.0434283; -0.248589; 13.608; 14.2992; 1000; 7; -1; 1000; 1000
3.728; 0.274021; 0.0408586; -0.249656; 0.280671; 0.0431468; -0.255063; 0.280671; 0.0431468; -0.255063; 13.6548; 14.364; 1000; 7; 0.0608672; 1000; 0.409133
3.744; 0.275082; 0.040585; -0.256233; 0.281706; 0.0428768; -0.261537; 0.281706; 0.0428768; -0.261537; 13.698; 14.4252; 1000; 7; -1; 1000; 1000
3.76; 0.276138; 0.040305; -0.262824; 0.282811; 0.0425811; -0.268011; 0.282811; 0.0425811; -0.268011; 13.7448; 14.49; 1000; 7; 0.0677937; 1000; 0.402206
3.776; 0.277191; 0.0400187; -0.269428; 0.283879; 0.0422879; -0.275779; 0.283879; 0.0422879; -0.275779; 13.788; 14.5548; 1000; 7; 0.0684234; 1000; 0.401577
3.792; 0.27824; 0.0397259; -0.276044; 0.284979; 0.0419764; -0.282253; 0.284979; 0.0419764; -0.282253; 13.8348; 14.6196; 1000; 7; -1; 1000; 1000
3.808; 0.279285; 0.0394268; -0.282672; 0.286007; 0.0416784; -0.288726; 0.286007; 0.0416784; -0.288726; 13.878; 14.6808; 1000; 6; -1; 1000; 1000
3.824; 0.280326; 0.0391215; -0.289312; 0.287104; 0.0413527; -0.2952; 0.287104; 0.0413527; -0.2952; 13.9248; 14.7456; 1000; 7; -1; 1000; 1000
3.84; 0.281362; 0.0388098; -0.295962; 0.288163; 0.0410306; -0.302968; 0.288163; 0.0410306; -0.302968; 13.968; 14.8104; 1000; 7; 0.0688934; 1000; 0.401107
3.856; 0.282394; 0.0384919; -0.302622; 0.289219; 0.0407003; -0.308147; 0.289219; 0.0407003; -0.308147; 14.0148; 14.8716; 1000; 7; 0.0674575; 1000; 0.402542
3.872; 0.283422; 0.0381679; -0.309291; 0.290274; 0.0403646; -0.315916; 0.290274; 0.0403646; -0.315916; 14.058; 14.9364; 1000; 7; 0.0696035; 1000; 0.400396
3.888; 0.284446; 0.0378376; -0.315969; 0.291326; 0.0400207; -0.323684; 0.291326; 0.0400207; -0.323684; 14.1012; 15.0012; 1000; 7; 0.0573481; 1000; 0.412652
3.904; 0.285465; 0.0375013; -0.322656; 0.292341; 0.0396803; -0.330158; 0.292341; 0.0396803; -0.330158; 14.1444; 15.0624; 1000; 7; 0.0612448; 1000; 0.408755
3.92; 0.28648; 0.0371588; -0.329351; 0.293423; 0.0393095; -0.336632; 0.293423; 0.0393095; -0.336632; 14.1912; 15.1272; 1000; 7; -1; 1000; 1000
3.936; 0.28749; 0.0368103; -0.336053; 0.294433; 0.038956; -0.343105; 0.294433; 0.038956; -0.343105; 14.2344; 15.1884; 1000; 7; -1; 1000; 1000
3.952; 0.288496; 0.0364558; -0.342761; 0.295475; 0.0385836; -0.350874; 0.295475; 0.0385836; -0.350874; 14.2776; 15.2532; 1000; 7; 0.0630868; 1000; 0.406913
3.968; 0.289498; 0.0360953; -0.349476; 0.29648; 0.0382158; -0.357347; 0.29648; 0.0382158; -0.357347; 14.3208; 15.3144; 1000; 6; -1; 1000; 1000
3.984; 0.290494; 0.0357289; -0.356196; 0.297483; 0.0378415; -0.363821; 0.297483; 0.0378415; -0.363821; 14.364; 15.3756; -0.333205; 7; -1; 1000; 1000
4; 0.291486; 0.0353566; -0.362921; 0.298517; 0.0374475; -0.371589; 0.298517; 0.0374475; -0.371589; 14.4072; 15.4404; 1000; 7; 0.0662187; 1000; 0.403781
4.016; 0.292474; 0.0349785; -0.369651; 0.299514; 0.037059; -0.378063; 0.299514; 0.037059; -0.378063; 14.4504; 15.5016; 1000; 7; -1; 1000; 1000
4.032; 0.293456; 0.0345946; -0.376384; 0.300509; 0.036664; -0.384537; 0.300509; 0.036664; -0.384537; 14.4936; 15.5628; 1000; 7; -1; 1000; 1000
4.048; 0.294434; 0.0342049; -0.383121; 0.301535; 0.0362487; -0.392305; 0.301535; 0.0362487; -0.392305; 14.5368; 15.6276; 1000; 7; 0.048752; 1000; 0.421248
4.064; 0.295407; 0.0338096; -0.38986; 0.302524; 0.0358396; -0.398779; 0.302524; 0.0358396; -0.398779; 14.58; 15.6888; 1000; 6; 0.0674853; 1000; 0.402515
4.08; 0.296375; 0.0334085; -0.396601; 0.30351; 0.0354241; -0.405253; 0.30351; 0.0354241; -0.405253; 14.6232; 15.75; 1000; 7; -1; 1000; 1000
4.096; 0.297339; 0.0330019; -0.403344; 0.304494; 0.0350022; -0.411726; 0.304494; 0.0350022; -0.411726; 14.6664; 15.8112; 1000; 7; -1; 1000; 1000
4.112; 0.298297; 0.0325897; -0.410088; 0.305508; 0.0345592; -0.419495; 0.305508; 0.0345592; -0.419495; 14.7096; 15.876; 1000; 7; 0.0658728; 1000; 0.404127
4.128; 0.29925; 0.032172; -0.416833; 0.306485; 0.0341233; -0.425968; 0.306485; 0.0341233; -0.425968; 14.7528; 15.9372; 1000; 7; -1; 1000; 1000
4.144; 0.300199; 0.0317489; -0.423577; 0.307426; 0.0336964; -0.433737; 0.307426; 0.0336964; -0.433737; 14.7924; 15.9984; 1000; 6; 0.0605786; 1000; 0.409421
4.16; 0.301142; 0.0313203; -0.430321; 0.308397; 0.0332467; -0.440211; 0.308397; 0.0332467; -0.440211; 14.8356; 16.0596; 1000; 7; 0.0696122; 1000; 0.400388
4.176; 0.30208; 0.0308864; -0.437064; 0.309365; 0.0327907; -0.446684; 0.309365; 0.0327907; -0.446684; 14.8788; 16.1208; 1000; 7; -1; 1000; 1000
4.192; 0.303014; 0.0304472; -0.443804; 0.310297; 0.0323444; -0.454453; 0.310297; 0.0323444; -0.454453; 14.9184; 16.182; 1000; 7; 0.0661841; 1000; 0.403816
4.208; 0.303942; 0.0300027; -0.450543; 0.311259; 0.0318746; -0.460926; 0.311259; 0.0318746; -0.460926; 14.9616; 16.2432; 1000; 7; -1; 1000; 1000
4.224; 0.304865; 0.029553; -0.457278; 0.312217; 0.0313987; -0.4674; 0.312217; 0.0313987; -0.4674; 15.0048; 16.3044; 1000; 6; -1; 1000; 1000
4.24; 0.305782; 0.0290982; -0.46401; 0.313139; 0.0309332; -0.475168; 0.313139; 0.0309332; -0.475168; 15.0444; 16.3656; 1000; 6; -1; 1000; 1000
4.256; 0.306695; 0.0286384; -0.470739; 0.314058; 0.0304605; -0.480347; 0.314058; 0.0304605; -0.480347; 15.0876; 16.4232; 1000; 7; -1; 1000; 1000
4.272; 0.307602; 0.0281734; -0.477462; 0.314974; 0.029983; -0.488116; 0.314974; 0.029983; -0.488116; 15.1272; 16.4844; 1000; 7; -1; 1000; 1000
4.288; 0.308504; 0.0277035; -0.484181; 0.31592; 0.0294812; -0.494589; 0.31592; 0.0294812; -0.494589; 15.1704; 16.5456; 1000; 7; 0.058754; 1000; 0.411246
4.304; 0.3094; 0.0272287; -0.490894; 0.316829; 0.0289908; -0.502358; 0.316829; 0.0289908; -0.502358; 15.21; 16.6068; 1000; 7; 0.0639195; 1000; 0.40608
4.32; 0.310292; 0.0267491; -0.497601; 0.317702; 0.0285111; -0.508832; 0.317702; 0.0285111; -0.508832; 15.2496; 16.6644; 1000; 7; -1; 1000; 1000
4.336; 0.311178; 0.0262646; -0.504301; 0.318637; 0.0279898; -0.515305; 0.318637; 0.0279898; -0.515305; 15.2928; 16.7256; 1000; 7; 0.0685459; 1000; 0.401454
4.352; 0.312058; 0.0257754; -0.510994; 0.319536; 0.0274806; -0.523074; 0.319536; 0.0274806; -0.523074; 15.3324; 16.7868; 1000; 7; 0.0589999; 1000; 0.411
4.368; 0.312933; 0.0252815; -0.51768; 0.320399; 0.0269829; -0.529547; 0.320399; 0.0269829; -0.529547; 15.372; 16.8444; 1000; 7; 0.0584478; 1000; 0.411552
4.384; 0.313803; 0.0247829; -0.524357; 0.321322; 0.0264424; -0.536021; 0.321322; 0.0264424; -0.536021; 15.4152; 16.9056; 1000; 7; 0.0590087; 1000; 0.410991
4.4; 0.314667; 0.0242798; -0.531025; 0.322179; 0.0259335; -0.542495; 0.322179; 0.0259335; -0.542495; 15.4548; 16.9632; 1000; 7; -1; 1000; 1000
4.416; 0.315526; 0.0237722; -0.537684; 0.323064; 0.0254001; -0.550263; 0.323064; 0.0254001; -0.550263; 15.4944; 17.0244; 1000; 7; 0.0642226; 1000; 0.405777
4.432; 0.316379; 0.0232602; -0.544333; 0.323913; 0.0248791; -0.556737; 0.323913; 0.0248791; -0.556737; 15.534; 17.082; 1000; 7; -1; 1000; 1000
4.448; 0.317227; 0.0227437; -0.550972; 0.324821; 0.0243137; -0.563211; 0.324821; 0.0243137; -0.563211; 15.5772; 17.1432; 1000; 7; 0.0519069; 1000; 0.418093
4.464; 0.318069; 0.022223; -0.5576; 0.325664; 0.0237817; -0.569684; 0.325664; 0.0237817; -0.569684; 15.6168; 17.2008; 1000; 6; 0.0528821; 1000; 0.417118
4.48; 0.318906; 0.0216979; -0.564217; 0.326503; 0.0232444; -0.576158; 0.326503; 0.0232444; -0.576158; 15.6564; 17.2584; 1000; 7; 0.0669267; 1000; 0.403073
4.496; 0.319737; 0.0211687; -0.570822; 0.327369; 0.0226815; -0.583926; 0.327369; 0.0226815; -0.583926; 15.696; 17.3196; 1000; 7; -1; 1000; 1000
4.512; 0.320563; 0.0206353; -0.577414; 0.3282; 0.0221322; -0.5904; 0.3282; 0.0221322; -0.5904; 15.7356; 17.3772; 1000; 7; 0.067696; 1000; 0.402304
4.528; 0.321382; 0.0200978; -0.583994; 0.329028; 0.0215776; -0.596874; 0.329028; 0.0215776; -0.596874; 15.7752; 17.4348; 1000; 7; 0.0597748; 1000; 0.410225
4.544; 0.322197; 0.0195563; -0.59056; 0.329852; 0.0210176; -0.603347; 0.329852; 0.0210176; -0.603347; 15.8148; 17.4924; 1000; 7; 0.0605992; 1000; 0.409401
4.56; 0.323006; 0.0190108; -0.597113; 0.330703; 0.0204314; -0.611116; 0.330703; 0.0204314; -0.611116; 15.8544; 17.5536; 1000; 7; 0.0560294; 1000; 0.413971
4.576; 0.323809; 0.0184614; -0.603651; 0.331519; 0.0198597; -0.617589; 0.331519; 0.0198597; -0.617589; 15.894; 17.6112; 1000; 7; -1; 1000; 1000
4.592; 0.324606; 0.0179082; -0.610174; 0.332331; 0.0192828; -0.624063; 0.332331; 0.0192828; -0.624063; 15.9336; 17.6688; 1000; 7; 0.0630796; 1000; 0.40692
4.608; 0.325398; 0.0173512; -0.616682; 0.33314; 0.0187006; -0.630537; 0.33314; 0.0187006; -0.630537; 15.9732; 17.7264; 1000; 7; 0.0590762; 1000; 0.410924
4.624; 0.326185; 0.0167905; -0.623174; 0.333915; 0.018135; -0.638305; 0.333915; 0.018135; -0.638305; 16.0092; 17.784; 1000; 7; 0.0670583; 1000; 0.402942
4.64; 0.326965; 0.0162262; -0.62965; 0.334715; 0.0175413; -0.644779; 0.334715; 0.0175413; -0.644779; 16.0488; 17.8416; 1000; 7; 0.0593761; 1000; 0.410624
4.656; 0.32774; 0.0156582; -0.636109; 0.335511; 0.0169425; -0.651253; 0.335511; 0.0169425; -0.651253; 16.0884; 17.8992; 1000; 7; 0.0634724; 1000; 0.406528
4.672; 0.32851; 0.0150868; -0.642551; 0.336274; 0.016361; -0.656432; 0.336274; 0.016361; -0.656432; 16.128; 17.9532; 1000; 7; 0.0546426; 1000; 0.415357
4.688; 0.329274; 0.0145118; -0.648975; 0.337034; 0.0157754; -0.6642; 0.337034; 0.0157754; -0.6642; 16.164; 18.0108; 1000; 7; 0.0643413; 1000; 0.405659
4.704; 0.330032; 0.0139335; -0.655381; 0.337819; 0.0151613; -0.670674; 0.337819; 0.0151613; -0.670674; 16.2036; 18.0684; 1000; 7; -1; 1000; 1000
4.72; 0.330784; 0.0133518; -0.661769; 0.338599; 0.0145421; -0.677147; 0.338599; 0.0145421; -0.677147; 16.2432; 18.126; 1000; 7; 0.0644828; 1000; 0.405517
4.736; 0.331531; 0.0127668; -0.668137; 0.339376; 0.0139178; -0.683621; 0.339376; 0.0139178; -0.683621; 16.2828; 18.1836; 1000; 7; 0.067083; 1000; 0.402917
4.752; 0.332272; 0.0121786; -0.674486; 0.340091; 0.0133352; -0.690095; 0.340091; 0.0133352; -0.690095; 16.3188; 18.2376; 1000; 7; 0.069019; 1000; 0.400981
4.768; 0.333007; 0.0115872; -0.680815; 0.340859; 0.0127009; -0.696568; 0.340859; 0.0127009; -0.696568; 16.3584; 18.2952; 1000; 7; 0.0603476; 1000; 0.409652
4.784; 0.333737; 0.0109928; -0.687123; 0.341567; 0.012109; -0.703042; 0.341567; 0.012109; -0.703042; 16.3944; 18.3492; 1000; 5; 0.0599695; 1000; 0.410031
4.8; 0.334462; 0.0103953; -0.69341; 0.342327; 0.0114649; -0.709516; 0.342327; 0.0114649; -0.709516; 16.434; 18.4068; 1000; 6; -1; 1000; 1000
4.816; 0.33518; 0.00979479; -0.699676; 0.343027; 0.0108639; -0.715989; 0.343027; 0.0108639; -0.715989; 16.47; 18.4608; 1000; 7; -1; 1000; 1000
4.832; 0.335893; 0.00919139; -0.70592; 0.343778; 0.01021; -0.722463; 0.343778; 0.01021; -0.722463; 16.5096; 18.5184; 1000; 7; 0.0636939; 1000; 0.406306
4.848; 0.336601; 0.00858513; -0.712142; 0.34447; 0.00959999; -0.728937; 0.34447; 0.00959999; -0.728937; 16.5456; 18.5724; 1000; 7; 0.0498392; 1000; 0.420161
4.864; 0.337302; 0.00797607; -0.718342; 0.345213; 0.00893638; -0.735411; 0.345213; 0.00893638; -0.735411; 16.5852; 18.63; 1000; 7; 0.0692076; 1000; 0.400792
4.88; 0.337998; 0.00736428; -0.724518; 0.345898; 0.00831748; -0.741884; 0.345898; 0.00831748; -0.741884; 16.6212; 18.684; 1000; 7; -1; 1000; 1000
4.896; 0.338689; 0.0067498; -0.73067; 0.346605; 0.00766924; -0.747063; 0.346605; 0.00766924; -0.747063; 16.6608; 18.738; 1000; 6; 0.0576738; 1000; 0.412326
4.912; 0.339374; 0.00613271; -0.736799; 0.347282; 0.00704241; -0.753537; 0.347282; 0.00704241; -0.753537; 16.6968; 18.792; 1000; 7; -1; 1000; 1000
4.928; 0.340053; 0.00551306; -0.742903; 0.347981; 0.00638597; -0.761305; 0.347981; 0.00638597; -0.761305; 16.7328; 18.8496; 1000; 7; 0.0477259; 1000; 0.422274
4.944; 0.340727; 0.0048909; -0.748983; 0.348676; 0.00572411; -0.766484; 0.348676; 0.00572411; -0.766484; 16.7724; 18.9036; 1000; 7; -1; 1000; 1000
4.96; 0.341396; 0.0042663; -0.755037; 0.34934; 0.00508426; -0.772958; 0.34934; 0.00508426; -0.772958; 16.8084; 18.9576; 1000; 7; 0.057842; 1000; 0.412158
4.976; 0.342059; 0.00363931; -0.761065; 0.350001; 0.00444012; -0.779432; 0.350001; 0.00444012; -0.779432; 16.8444; 19.0116; -0.750387; 7; -1; 1000; 1000
4.992; 0.342716; 0.00300999; -0.767068; 0.350683; 0.00376578; -0.784611; 0.350683; 0.00376578; -0.784611; 16.884; 19.0656; 1000; 7; -1; 1000; 1000
5.008; 0.343368; 0.0023784; -0.773043; 0.351336; 0.00311399; -0.791084; 0.351336; 0.00311399; -0.791084; 16.92; 19.1196; 1000; 7; -1; 1000; 1000
5.024; 0.344014; 0.00174459; -0.778992; 0.351985; 0.00245798; -0.797558; 0.351985; 0.00245798; -0.797558; 16.956; 19.1736; 1000; 7; -1; 1000; 1000
5.04; 0.344655; 0.00110863; -0.784914; 0.352629; 0.00179779; -0.804032; 0.352629; 0.00179779; -0.804032; 16.992; 19.2276; 1000; 7; 0.052361; 1000; 0.417639
5.056; 0.34529; 0.000470555; -0.790808; 0.353269; 0.00113345; -0.810505; 0.353269; 0.00113345; -0.810505; 17.028; 19.2816; 1000; 7; -1; 1000; 1000
5.072; 0.34592; -0.000169565; -0.796674; 0.353905; 0.00046497; -0.814389; 0.353905; 0.00046497; -0.814389; 17.0676; 19.332; 1000; 7; 0.0620683; 1000; -0.532068
5.088; 0.346545; -0.00081168; -0.802511; 0.354538; -0.000205971; -0.820863; 0.354538; -0.000205971; -0.820863; 17.1036; 19.386; 1000; 7; 0.0671696; 1000; -0.53717
5.104; 0.347164; -0.00145573; -0.80832; 0.355167; -0.000880996; -0.827337; 0.355167; -0.000880996; -0.827337; 17.1396; 19.44; 1000; 7; 0.0574837; 1000; -0.527484
5.12; 0.347778; -0.00210168; -0.814099; 0.355766; -0.00153291; -0.832516; 0.355766; -0.00153291; -0.832516; 17.1756; 19.4904; 1000; 7; -1; 1000; 1000
5.136; 0.348387; -0.00274945; -0.819848; 0.356387; -0.00221522; -0.838989; 0.356387; -0.00221522; -0.838989; 17.2116; 19.5444; 1000; 7; -1; 1000; 1000
5.152; 0.34899; -0.003399; -0.825567; 0.357003; -0.00290153; -0.845463; 0.357003; -0.00290153; -0.845463; 17.2476; 19.5984; 1000; 7; -1; 1000; 1000
5.168; 0.349588; -0.00405028; -0.831256; 0.357591; -0.00356421; -0.850642; 0.357591; -0.00356421; -0.850642; 17.2836; 19.6488; 1000; 7; -1; 1000; 1000
5.184; 0.350181; -0.00470324; -0.836914; 0.358199; -0.00425765; -0.857116; 0.358199; -0.00425765; -0.857116; 17.3196; 19.7028; 1000; 7; 0.0693169; 1000; -0.539317
5.2; 0.350769; -0.00535782; -0.842541; 0.358779; -0.00492713; -0.862295; 0.358779; -0.00492713; -0.862295; 17.3556; 19.7532; 1000; 7; -1; 1000; 1000
5.216; 0.351351; -0.00601398; -0.848137; 0.359379; -0.00562762; -0.868768; 0.359379; -0.00562762; -0.868768; 17.3916; 19.8072; 1000; 7; 0.0675145; 1000; -0.537515
5.232; 0.351928; -0.00667165; -0.8537; 0.359951; -0.0063038; -0.873947; 0.359951; -0.0063038; -0.873947; 17.4276; 19.8576; 1000; 7; -1; 1000; 1000
5.248; 0.3525; -0.00733081; -0.859231; 0.360519; -0.00698294; -0.879126; 0.360519; -0.00698294; -0.879126; 17.4636; 19.908; 1000; 7; 0.0533325; 1000; -0.523333
5.264; 0.353067; -0.00799138; -0.864729; 0.361084; -0.00766502; -0.884305; 0.361084; -0.00766502; -0.884305; 17.4996; 19.9584; 1000; 7; 0.0582807; 1000; -0.528281
5.28; 0.353629; -0.00865334; -0.870194; 0.361669; -0.00837855; -0.890779; 0.361669; -0.00837855; -0.890779; 17.5356; 20.0124; 1000; 6; 0.0615243; 1000; -0.531524
5.296; 0.354185; -0.00931662; -0.875626; 0.362226; -0.00906715; -0.895958; 0.362226; -0.00906715; -0.895958; 17.5716; 20.0628; 1000; 7; 0.0589938; 1000; -0.528994
5.312; 0.354737; -0.00998118; -0.881024; 0.362756; -0.00972983; -0.902432; 0.362756; -0.00972983; -0.902432; 17.604; 20.1132; 1000; 7; 0.0588567; 1000; -0.528857
5.328; 0.355284; -0.010647; -0.886388; 0.363305; -0.0104249; -0.907611; 0.363305; -0.0104249; -0.907611; 17.64; 20.1636; 1000; 7; -1; 1000; 1000
5.344; 0.355825; -0.011314; -0.891718; 0.36385; -0.0111228; -0.912789; 0.36385; -0.0111228; -0.912789; 17.676; 20.214; 1000; 7; 0.0594318; 1000; -0.529432
5.36; 0.356362; -0.0119821; -0.897013; 0.364392; -0.0118235; -0.917968; 0.364392; -0.0118235; -0.917968; 17.712; 20.2644; 1000; 7; 0.0580386; 1000; -0.528039
5.376; 0.356894; -0.0126513; -0.902272; 0.36493; -0.012527; -0.923147; 0.36493; -0.012527; -0.923147; 17.748; 20.3148; 1000; 7; 0.0698768; 1000; -0.539877
5.392; 0.357421; -0.0133216; -0.907496; 0.365442; -0.0132038; -0.929621; 0.365442; -0.0132038; -0.929621; 17.7804; 20.3652; 1000; 7; 0.0549465; 1000; -0.524947
5.408; 0.357943; -0.0139929; -0.912685; 0.365971; -0.0139135; -0.9348; 0.365971; -0.0139135; -0.9348; 17.8164; 20.4156; 1000; 7; 0.0537389; 1000; -0.523739
5.424; 0.35846; -0.0146652; -0.917837; 0.366497; -0.014626; -0.939979; 0.366497; -0.014626; -0.939979; 17.8524; 20.466; 1000; 7; 0.0593381; 1000; -0.529338
5.44; 0.358973; -0.0153383; -0.922952; 0.366998; -0.0153113; -0.943863; 0.366998; -0.0153113; -0.943863; 17.8884; 20.5128; 1000; 7; 0.0586776; 1000; -0.528678
5.456; 0.359481; -0.0160124; -0.928031; 0.367496; -0.0159986; -0.950337; 0.367496; -0.0159986; -0.950337; 17.9208; 20.5632; 1000; 7; 0.0610419; 1000; -0.531042
5.472; 0.359984; -0.0166873; -0.933073; 0.368011; -0.0167192; -0.955516; 0.368011; -0.0167192; -0.955516; 17.9568; 20.6136; 1000; 7; 0.0672674; 1000; -0.537267
5.488; 0.360482; -0.017363; -0.938077; 0.368522; -0.0174423; -0.960695; 0.368522; -0.0174423; -0.960695; 17.9928; 20.664; 1000; 7; 0.0662678; 1000; -0.536268
5.504; 0.360976; -0.0180395; -0.943044; 0.368987; -0.0181077; -0.965874; 0.368987; -0.0181077; -0.965874; 18.0252; 20.7108; 1000; 7; 0.0649012; 1000; -0.534901
5.52; 0.361465; -0.0187167; -0.947973; 0.369491; -0.0188361; -0.971053; 0.369491; -0.0188361; -0.971053; 18.0612; 20.7612; 1000; 7; -1; 1000; 1000
5.536; 0.36195; -0.0193946; -0.952863; 0.36997; -0.0195367; -0.974937; 0.36997; -0.0195367; -0.974937; 18.0972; 20.808; 1000; 7; -1; 1000; 1000
5.552; 0.36243; -0.0200732; -0.957714; 0.370446; -0.0202392; -0.981411; 0.370446; -0.0202392; -0.981411; 18.1296; 20.8584; 1000; 7; -1; 1000; 1000
5.568; 0.362906; -0.0207523; -0.962527; 0.370918; -0.0209447; -0.985295; 0.370918; -0.0209447; -0.985295; 18.1656; 20.9052; 1000; 7; 0.0596039; 1000; -0.529604
5.584; 0.363377; -0.021432; -0.9673; 0.371387; -0.021652; -0.989179; 0.371387; -0.021652; -0.989179; 18.2016; 20.952; 1000; 7; -1; 1000; 1000
5.6; 0.363844; -0.0221123; -0.972034; 0.371853; -0.0223612; -0.995653; 0.371853; -0.0223612; -0.995653; 18.234; 21.0024; 1000; 7; 0.066561; 1000; -0.536561
5.616; 0.364306; -0.022793; -0.976728; 0.372315; -0.0230733; -0.999537; 0.372315; -0.0230733; -0.999537; 18.27; 21.0492; 1000; 7; 0.0612232; 1000; -0.531223
5.632; 0.364764; -0.0234743; -0.981381; 0.372754; -0.0237562; -1.00472; 0.372754; -0.0237562; -1.00472; 18.3024; 21.096; 1000; 7; 0.0560449; 1000; -0.526045
5.648; 0.365218; -0.024156; -0.985995; 0.373209; -0.0244725; -1.0086; 0.373209; -0.0244725; -1.0086; 18.3384; 21.1428; 1000; 7; -1; 1000; 1000
5.664; 0.365668; -0.024838; -0.990568; 0.373661; -0.0251906; -1.01507; 0.373661; -0.0251906; -1.01507; 18.3708; 21.1932; 1000; 6; 0.0499157; 1000; -0.519916
5.68; 0.366113; -0.0255205; -0.995099; 0.374109; -0.0259116; -1.01896; 0.374109; -0.0259116; -1.01896; 18.4068; 21.24; 1000; 7; -1; 1000; 1000
5.696; 0.366555; -0.0262033; -0.99959; 0.374534; -0.0266029; -1.02414; 0.374534; -0.0266029; -1.02414; 18.4392; 21.2868; 1000; 7; -1; 1000; 1000
5.712; 0.366992; -0.0268864; -1.00404; 0.374976; -0.0273279; -1.02802; 0.374976; -0.0273279; -1.02802; 18.4752; 21.3336; 1000; 7; -1; 1000; 1000
5.728; 0.367425; -0.0275698; -1.00845; 0.375395; -0.028023; -1.0332; 0.375395; -0.028023; -1.0332; 18.5076; 21.3804; 1000; 7; 0.0610356; 1000; -0.531036
5.744; 0.367854; -0.0282534; -1.01281; 0.37583; -0.028752; -1.03708; 0.37583; -0.028752; -1.03708; 18.5436; 21.4272; 1000; 7; -1; 1000; 1000
5.76; 0.368279; -0.0289372; -1.01714; 0.376243; -0.0294509; -1.04226; 0.376243; -0.0294509; -1.04226; 18.576; 21.474; 1000; 7; 0.0683479; 1000; -0.538348
5.776; 0.3687; -0.0296213; -1.02142; 0.376652; -0.0301519; -1.04485; 0.376652; -0.0301519; -1.04485; 18.612; 21.5172; 1000; 7; 0.0665348; 1000; -0.536535
5.792; 0.369117; -0.0303055; -1.02565; 0.377059; -0.030854; -1.05003; 0.377059; -0.030854; -1.05003; 18.6444; 21.564; 1000; 7; -1; 1000; 1000
5.808; 0.36953; -0.0309898; -1.02985; 0.377482; -0.0315902; -1.05392; 0.377482; -0.0315902; -1.05392; 18.6804; 21.6108; 1000; 6; 0.0576261; 1000; -0.527626
5.824; 0.36994; -0.0316743; -1.034; 0.377883; -0.032296; -1.05909; 0.377883; -0.032296; -1.05909; 18.7128; 21.6576; 1000; 7; 0.0599446; 1000; -0.529945
5.84; 0.370346; -0.0323589; -1.03811; 0.37828; -0.0330038; -1.06168; 0.37828; -0.0330038; -1.06168; 18.7488; 21.7008; 1000; 7; 0.0497276; 1000; -0.519728
5.856; 0.370748; -0.0330435; -1.04217; 0.378676; -0.0337126; -1.06686; 0.378676; -0.0337126; -1.06686; 18.7812; 21.7476; 1000; 7; -1; 1000; 1000
5.872; 0.371146; -0.0337282; -1.0462; 0.379068; -0.0344235; -1.07204; 0.379068; -0.0344235; -1.07204; 18.8136; 21.7944; 1000; 7; 0.0692934; 1000; -0.539293
5.888; 0.37154; -0.0344128; -1.05017; 0.379456; -0.0351364; -1.07463; 0.379456; -0.0351364; -1.07463; 18.8496; 21.8376; 1000; 7; -1; 1000; 1000
5.904; 0.371931; -0.0350975; -1.05411; 0.379843; -0.0358503; -1.07981; 0.379843; -0.0358503; -1.07981; 18.882; 21.8844; 1000; 6; -1; 1000; 1000
5.92; 0.372319; -0.0357822; -1.05799; 0.380226; -0.0365662; -1.0824; 0.380226; -0.0365662; -1.0824; 18.918; 21.9276; 1000; 7; -1; 1000; 1000
5.936; 0.372703; -0.0364668; -1.06184; 0.380607; -0.0372831; -1.08758; 0.380607; -0.0372831; -1.08758; 18.9504; 21.9744; 1000; 7; 0.0544113; 1000; -0.524411
5.952; 0.373083; -0.0371513; -1.06564; 0.380967; -0.0379693; -1.09146; 0.380967; -0.0379693; -1.09146; 18.9828; 22.0176; 1000; 7; -1; 1000; 1000
5.968; 0.37346; -0.0378357; -1.06939; 0.381341; -0.0386896; -1.09405; 0.381341; -0.0386896; -1.09405; 19.0188; 22.0608; -1.06484; 7; -1; 1000; 1000
5.984; 0.373834; -0.0385201; -1.0731; 0.381713; -0.0394109; -1.09923; 0.381713; -0.0394109; -1.09923; 19.0512; 22.1076; 1000; 7; -1; 1000; 1000
6; 0.374204; -0.0392043; -1.07676; 0.382066; -0.0401012; -1.10312; 0.382066; -0.0401012; -1.10312; 19.0836; 22.1508; 1000; 7; 0.0582193; 1000; -0.528219
6.016; 0.374571; -0.0398884; -1.08038; 0.382431; -0.0408259; -1.10571; 0.382431; -0.0408259; -1.10571; 19.1196; 22.194; 1000; 7; -1; 1000; 1000
6.032; 0.374935; -0.0405723; -1.08395; 0.382779; -0.0415184; -1.10959; 0.382779; -0.0415184; -1.10959; 19.152; 22.2372; 1000; 7; 0.0597455; 1000; -0.529746
6.048; 0.375295; -0.041256; -1.08748; 0.383124; -0.0422124; -1.11347; 0.383124; -0.0422124; -1.11347; 19.1844; 22.2804; 1000; 7; -1; 1000; 1000
6.064; 0.375653; -0.0419396; -1.09095; 0.383482; -0.0429408; -1.11606; 0.383482; -0.0429408; -1.11606; 19.2204; 22.3236; 1000; 7; -1; 1000; 1000
6.08; 0.376007; -0.0426229; -1.09439; 0.383839; -0.0436701; -1.12124; 0.383839; -0.0436701; -1.12124; 19.2528; 22.3704; 1000; 7; -1; 1000; 1000
6.096; 0.376358; -0.043306; -1.09777; 0.384176; -0.044368; -1.12513; 0.384176; -0.044368; -1.12513; 19.2852; 22.4136; 1000; 7; 0.0649739; 1000; -0.534974
6.112; 0.376706; -0.0439889; -1.10111; 0.38451; -0.0450672; -1.12642; 0.38451; -0.0450672; -1.12642; 19.3212; 22.4532; 1000; 7; 0.0667699; 1000; -0.53677
6.128; 0.377052; -0.0446716; -1.10441; 0.384843; -0.0457668; -1.13031; 0.384843; -0.0457668; -1.13031; 19.3536; 22.4964; 1000; 7; 0.0606492; 1000; -0.530649
6.144; 0.377394; -0.0453539; -1.10765; 0.385173; -0.0464677; -1.13419; 0.385173; -0.0464677; -1.13419; 19.386; 22.5396; 1000; 7; -1; 1000; 1000
6.16; 0.377733; -0.046036; -1.11085; 0.385516; -0.0472034; -1.13678; 0.385516; -0.0472034; -1.13678; 19.422; 22.5828; 1000; 6; 0.0681625; 1000; -0.538162
6.176; 0.37807; -0.0467178; -1.11401; 0.385842; -0.0479064; -1.14066; 0.385842; -0.0479064; -1.14066; 19.4544; 22.626; 1000; 7; 0.0695363; 1000; -0.539536
6.192; 0.378403; -0.0473993; -1.11711; 0.386165; -0.0486108; -1.14455; 0.386165; -0.0486108; -1.14455; 19.4868; 22.6692; 1000; 7; 0.0699251; 1000; -0.539925
6.208; 0.378734; -0.0480806; -1.12017; 0.386486; -0.0493163; -1.14584; 0.386486; -0.0493163; -1.14584; 19.5228; 22.7088; 1000; 7; -1; 1000; 1000
6.224; 0.379063; -0.0487614; -1.12318; 0.386805; -0.0500223; -1.14973; 0.386805; -0.0500223; -1.14973; 19.5552; 22.752; 1000; 7; -1; 1000; 1000
6.24; 0.379388; -0.049442; -1.12614; 0.387122; -0.0507295; -1.15361; 0.387122; -0.0507295; -1.15361; 19.5876; 22.7952; 1000; 7; -1; 1000; 1000
6.256; 0.379711; -0.0501222; -1.12906; 0.387436; -0.051438; -1.15491; 0.387436; -0.051438; -1.15491; 19.6236; 22.8348; 1000; 7; 0.0521243; 1000; -0.522124
6.272; 0.380032; -0.0508021; -1.13193; 0.387749; -0.0521468; -1.15879; 0.387749; -0.0521468; -1.15879; 19.656; 22.878; 1000; 7; -1; 1000; 1000
6.288; 0.380349; -0.0514817; -1.13474; 0.388045; -0.052823; -1.16138; 0.388045; -0.052823; -1.16138; 19.6884; 22.9176; 1000; 7; 0.0597224; 1000; -0.529722
6.304; 0.380665; -0.0521609; -1.13752; 0.388353; -0.0535339; -1.16526; 0.388353; -0.0535339; -1.16526; 19.7208; 22.9608; 1000; 6; 0.0659154; 1000; -0.535915
6.32; 0.380978; -0.0528397; -1.14024; 0.388659; -0.054246; -1.16656; 0.388659; -0.054246; -1.16656; 19.7568; 23.0004; 1000; 7; -1; 1000; 1000
6.336; 0.381288; -0.0535181; -1.14291; 0.388964; -0.0549584; -1.17044; 0.388964; -0.0549584; -1.17044; 19.7892; 23.0436; 1000; 7; 0.0695226; 1000; -0.539523
6.352; 0.381597; -0.0541962; -1.14554; 0.389251; -0.055638; -1.17303; 0.389251; -0.055638; -1.17303; 19.8216; 23.0832; 1000; 7; -1; 1000; 1000
6.368; 0.381902; -0.0548739; -1.14812; 0.389566; -0.0563865; -1.17562; 0.389566; -0.0563865; -1.17562; 19.8576; 23.1264; 1000; 7; 0.0685953; 1000; -0.538595
6.384; 0.382206; -0.0555512; -1.15065; 0.38985; -0.0570676; -1.17821; 0.38985; -0.0570676; -1.17821; 19.89; 23.166; 1000; 7; 0.0512623; 1000; -0.521262
6.4; 0.382508; -0.0562281; -1.15313; 0.390132; -0.0577494; -1.1808; 0.390132; -0.0577494; -1.1808; 19.9224; 23.2056; 1000; 7; 0.0660466; 1000; -0.536047
6.416; 0.382807; -0.0569046; -1.15556; 0.390427; -0.0584661; -1.18209; 0.390427; -0.0584661; -1.18209; 19.9584; 23.2452; 1000; 7; 0.0655752; 1000; -0.535575
6.432; 0.383104; -0.0575807; -1.15795; 0.39072; -0.0591832; -1.18598; 0.39072; -0.0591832; -1.18598; 19.9908; 23.2884; 1000; 7; 0.0577829; 1000; -0.527783
6.448; 0.383399; -0.0582565; -1.16028; 0.390997; -0.0598673; -1.18857; 0.390997; -0.0598673; -1.18857; 20.0232; 23.328; 1000; 6; -1; 1000; 1000
6.464; 0.383692; -0.0589318; -1.16257; 0.391286; -0.0605863; -1.18986; 0.391286; -0.0605863; -1.18986; 20.0592; 23.3676; 1000; 7; 0.0695821; 1000; -0.539582
6.48; 0.383983; -0.0596067; -1.16481; 0.391561; -0.0612714; -1.19245; 0.391561; -0.0612714; -1.19245; 20.0916; 23.4072; 1000; 7; -1; 1000; 1000
6.496; 0.384272; -0.0602812; -1.167; 0.391833; -0.0619572; -1.19504; 0.391833; -0.0619572; -1.19504; 20.124; 23.4468; 1000; 7; 0.0500004; 1000; -0.52
6.512; 0.384559; -0.0609553; -1.16914; 0.392118; -0.062678; -1.19634; 0.392118; -0.062678; -1.19634; 20.16; 23.4864; 1000; 7; 0.0638135; 1000; -0.533814
6.528; 0.384845; -0.0616291; -1.17123; 0.392388; -0.0633649; -1.19893; 0.392388; -0.0633649; -1.19893; 20.1924; 23.526; 1000; 7; -1; 1000; 1000
6.544; 0.385128; -0.0623024; -1.17327; 0.392656; -0.0640524; -1.20152; 0.392656; -0.0640524; -1.20152; 20.2248; 23.5656; 1000; 7; 0.0530523; 1000; -0.523052
6.56; 0.38541; -0.0629753; -1.17527; 0.392936; -0.0647751; -1.20281; 0.392936; -0.0647751; -1.20281; 20.2608; 23.6052; 1000; 7; -1; 1000; 1000
6.576; 0.38569; -0.0636478; -1.17721; 0.393201; -0.0654637; -1.2054; 0.393201; -0.0654637; -1.2054; 20.2932; 23.6448; 1000; 7; -1; 1000; 1000
6.592; 0.385968; -0.0643199; -1.17911; 0.393465; -0.0661529; -1.20799; 0.393465; -0.0661529; -1.20799; 20.3256; 23.6844; 1000; 6; -1; 1000; 1000
6.608; 0.386245; -0.0649916; -1.18096; 0.39374; -0.0668774; -1.20928; 0.39374; -0.0668774; -1.20928; 20.3616; 23.724; 1000; 7; 0.0660518; 1000; -0.536052
6.624; 0.38652; -0.065663; -1.18275; 0.393988; -0.0675332; -1.21058; 0.393988; -0.0675332; -1.21058; 20.394; 23.76; 1000; 6; -1; 1000; 1000
6.64; 0.386793; -0.0663339; -1.1845; 0.394248; -0.0682238; -1.21317; 0.394248; -0.0682238; -1.21317; 20.4264; 23.7996; 1000; 7; 0.0597914; 1000; -0.529791
6.656; 0.387065; -0.0670045; -1.18621; 0.394519; -0.0689497; -1.21446; 0.394519; -0.0689497; -1.21446; 20.4624; 23.8392; 1000; 7; 0.0673716; 1000; -0.537372
6.672; 0.387336; -0.0676746; -1.18786; 0.394764; -0.0696068; -1.21576; 0.394764; -0.0696068; -1.21576; 20.4948; 23.8752; 1000; 7; -1; 1000; 1000
6.688; 0.387605; -0.0683444; -1.18946; 0.395033; -0.0703333; -1.21705; 0.395033; -0.0703333; -1.21705; 20.5308; 23.9148; 1000; 7; 0.0541544; 1000; -0.524154
6.704; 0.387873; -0.0690138; -1.19102; 0.395289; -0.0710256; -1.21964; 0.395289; -0.0710256; -1.21964; 20.5632; 23.9544; 1000; 7; 0.0627376; 1000; -0.532738
6.72; 0.388139; -0.0696828; -1.19252; 0.39553; -0.0716839; -1.22094; 0.39553; -0.0716839; -1.22094; 20.5956; 23.9904; 1000; 7; 0.0641583; 1000; -0.534158
6.736; 0.388404; -0.0703515; -1.19398; 0.395796; -0.0724119; -1.22223; 0.395796; -0.0724119; -1.22223; 20.6316; 24.03; 1000; 7; 0.0692336; 1000; -0.539234
6.752; 0.388668; -0.0710198; -1.19539; 0.396035; -0.0730708; -1.22353; 0.396035; -0.0730708; -1.22353; 20.664; 24.066; 1000; 7; -1; 1000; 1000
6.768; 0.388931; -0.0716877; -1.19675; 0.396299; -0.0737995; -1.22482; 0.396299; -0.0737995; -1.22482; 20.7; 24.1056; 1000; 7; 0.0681832; 1000; -0.538183
6.784; 0.389192; -0.0723553; -1.19806; 0.396536; -0.074459; -1.22612; 0.396536; -0.074459; -1.22612; 20.7324; 24.1416; 1000; 7; 0.0616745; 1000; -0.531675
6.8; 0.389453; -0.0730225; -1.19932; 0.396786; -0.0751536; -1.22871; 0.396786; -0.0751536; -1.22871; 20.7648; 24.1812; 1000; 7; -1; 1000; 1000
6.816; 0.389712; -0.0736894; -1.20053; 0.397033; -0.0758489; -1.22871; 0.397033; -0.0758489; -1.22871; 20.8008; 24.2172; 1000; 7; -1; 1000; 1000
6.832; 0.38997; -0.074356; -1.2017; 0.397281; -0.0765441; -1.23129; 0.397281; -0.0765441; -1.23129; 20.8332; 24.2568; 1000; 7; -1; 1000; 1000
6.848; 0.390227; -0.0750222; -1.20282; 0.397527; -0.07724; -1.23129; 0.397527; -0.07724; -1.23129; 20.8692; 24.2928; 1000; 7; -1; 1000; 1000
6.864; 0.390484; -0.0756881; -1.20389; 0.39776; -0.0779011; -1.23259; 0.39776; -0.0779011; -1.23259; 20.9016; 24.3288; 1000; 7; 0.0694841; 1000; -0.539484
6.88; 0.390739; -0.0763537; -1.20491; 0.398017; -0.0786321; -1.23388; 0.398017; -0.0786321; -1.23388; 20.9376; 24.3684; 1000; 7; 0.0655601; 1000; -0.53556
6.896; 0.390993; -0.077019; -1.20588; 0.398249; -0.0792938; -1.23518; 0.398249; -0.0792938; -1.23518; 20.97; 24.4044; 1000; 7; 0.0639461; 1000; -0.533946
6.912; 0.391247; -0.077684; -1.2068; 0.398492; -0.0799906; -1.23518; 0.398492; -0.0799906; -1.23518; 21.006; 24.4404; 1000; 7; -1; 1000; 1000
6.928; 0.3915; -0.0783487; -1.20768; 0.398723; -0.0806526; -1.23647; 0.398723; -0.0806526; -1.23647; 21.0384; 24.4764; 1000; 7; -1; 1000; 1000
6.944; 0.391752; -0.0790131; -1.2085; 0.398977; -0.0813846; -1.23777; 0.398977; -0.0813846; -1.23777; 21.0744; 24.516; 1000; 7; -1; 1000; 1000
6.96; 0.392003; -0.0796772; -1.20928; 0.399219; -0.082082; -1.23777; 0.399219; -0.082082; -1.23777; 21.1104; 24.552; -1.20739; 7; 0.0555978; 1000; -0.525598
6.976; 0.392254; -0.0803411; -1.21001; 0.399448; -0.0827446; -1.23906; 0.399448; -0.0827446; -1.23906; 21.1428; 24.588; 1000; 7; 0.0586187; 1000; -0.528619
6.992; 0.392504; -0.0810047; -1.2107; 0.399688; -0.0834424; -1.23906; 0.399688; -0.0834424; -1.23906; 21.1788; 24.624; 1000; 7; 0.0530412; 1000; -0.523041
7.008; 0.392753; -0.0816681; -1.21133; 0.399916; -0.0841052; -1.24036; 0.399916; -0.0841052; -1.24036; 21.2112; 24.66; 1000; 7; -1; 1000; 1000
7.024; 0.393002; -0.0823312; -1.21192; 0.400156; -0.0848033; -1.24036; 0.400156; -0.0848033; -1.24036; 21.2472; 24.696; 1000; 7; -1; 1000; 1000
7.04; 0.393251; -0.0829941; -1.21246; 0.400383; -0.0854665; -1.24165; 0.400383; -0.0854665; -1.24165; 21.2796; 24.732; 1000; 7; 0.0607083; 1000; -0.530708
7.056; 0.393499; -0.0836567; -1.21295; 0.400622; -0.0861649; -1.24165; 0.400622; -0.0861649; -1.24165; 21.3156; 24.768; 1000; 7; -1; 1000; 1000
7.072; 0.393746; -0.0843192; -1.2134; 0.400861; -0.0868632; -1.24165; 0.400861; -0.0868632; -1.24165; 21.3516; 24.804; 1000; 7; 0.0650845; 1000; -0.535085
7.088; 0.393993; -0.0849814; -1.2138; 0.401087; -0.0875267; -1.24295; 0.401087; -0.0875267; -1.24295; 21.384; 24.84; 1000; 7; -1; 1000; 1000
7.104; 0.39424; -0.0856435; -1.21415; 0.401325; -0.0882254; -1.24295; 0.401325; -0.0882254; -1.24295; 21.42; 24.876; 1000; 7; -1; 1000; 1000
7.12; 0.394486; -0.0863054; -1.21445; 0.401562; -0.0889241; -1.24295; 0.401562; -0.0889241; -1.24295; 21.456; 24.912; 1000; 7; 0.0616687; 1000; -0.531669
7.136; 0.394732; -0.0869671; -1.21471; 0.4018; -0.0896228; -1.24295; 0.4018; -0.0896228; -1.24295; 21.492; 24.948; 1000; 7; 0.0617013; 1000; -0.531701
7.152; 0.394978; -0.0876286; -1.21492; 0.402026; -0.0902865; -1.24424; 0.402026; -0.0902865; -1.24424; 21.5244; 24.984; 1000; 7; -1; 1000; 1000
7.168; 0.395224; -0.08829; -1.21508; 0.402263; -0.0909855; -1.24424; 0.402263; -0.0909855; -1.24424; 21.5604; 25.02; 1000; 7; -1; 1000; 1000
7.184; 0.395469; -0.0889512; -1.2152; 0.402499; -0.0916845; -1.24424; 0.402499; -0.0916845; -1.24424; 21.5964; 25.056; 1000; 7; -1; 1000; 1000
7.2; 0.395715; -0.0896123; -1.21527; 0.402712; -0.0923136; -1.24424; 0.402712; -0.0923136; -1.24424; 21.6288; 25.0884; 1000; 6; 0.0659387; 1000; -0.535939
7.216; 0.39596; -0.0902733; -1.21529; 0.402949; -0.0930126; -1.24424; 0.402949; -0.0930126; -1.24424; 21.6648; 25.1244; 1000; 7; 0.0573568; 1000; -0.527357
7.232; 0.396205; -0.0909342; -1.21527; 0.403186; -0.0937116; -1.24424; 0.403186; -0.0937116; -1.24424; 21.7008; 25.1604; 1000; 7; -1; 1000; 1000
7.248; 0.396451; -0.0915949; -1.21519; 0.403423; -0.0944106; -1.24424; 0.403423; -0.0944106; -1.24424; 21.7368; 25.1964; 1000; 7; 0.0662138; 1000; -0.536214
7.264; 0.396696; -0.0922555; -1.21508; 0.403659; -0.0951096; -1.24424; 0.403659; -0.0951096; -1.24424; 21.7728; 25.2324; 1000; 7; -1; 1000; 1000
7.28; 0.396941; -0.092916; -1.21491; 0.403884; -0.0957737; -1.24295; 0.403884; -0.0957737; -1.24295; 21.8088; 25.2648; 1000; 7; -1; 1000; 1000
7.296; 0.397187; -0.0935765; -1.2147; 0.40411; -0.0964374; -1.24424; 0.40411; -0.0964374; -1.24424; 21.8412; 25.3008; 1000; 7; 0.0540854; 1000; -0.524085
7.312; 0.397432; -0.0942369; -1.21444; 0.404347; -0.0971364; -1.24424; 0.404347; -0.0971364; -1.24424; 21.8772; 25.3368; 1000; 7; 0.0686472; 1000; -0.538647
7.328; 0.397678; -0.0948973; -1.21414; 0.404572; -0.0978005; -1.24295; 0.404572; -0.0978005; -1.24295; 21.9132; 25.3692; 1000; 7; 0.0621355; 1000; -0.532136
7.344; 0.397924; -0.0955577; -1.21379; 0.404809; -0.0984992; -1.24295; 0.404809; -0.0984992; -1.24295; 21.9492; 25.4052; 1000; 7; 0.0665212; 1000; -0.536521
7.36; 0.398171; -0.096218; -1.2134; 0.405047; -0.0991979; -1.24295; 0.405047; -0.0991979; -1.24295; 21.9852; 25.4412; 1000; 7; 0.0671239; 1000; -0.537124
7.376; 0.398417; -0.0968784; -1.21296; 0.405273; -0.0998616; -1.24165; 0.405273; -0.0998616; -1.24165; 22.0212; 25.4736; 1000; 7; 0.0679175; 1000; -0.537918
7.392; 0.398664; -0.0975387; -1.21248; 0.405511; -0.10056; -1.24165; 0.405511; -0.10056; -1.24165; 22.0572; 25.5096; 1000; 7; -1; 1000; 1000
7.408; 0.398912; -0.098199; -1.21196; 0.405738; -0.101223; -1.24036; 0.405738; -0.101223; -1.24036; 22.0932; 25.542; 1000; 7; 0.059134; 1000; -0.529134
7.424; 0.39916; -0.0988594; -1.21139; 0.405977; -0.101922; -1.24036; 0.405977; -0.101922; -1.24036; 22.1292; 25.578; 1000; 7; 0.0671121; 1000; -0.537112
7.44; 0.399408; -0.0995198; -1.21077; 0.406217; -0.10262; -1.24036; 0.406217; -0.10262; -1.24036; 22.1652; 25.614; 1000; 7; -1; 1000; 1000
7.456; 0.399657; -0.10018; -1.21012; 0.406444; -0.103283; -1.23906; 0.406444; -0.103283; -1.23906; 22.2012; 25.6464; 1000; 7; 0.0686131; 1000; -0.538613
7.472; 0.399906; -0.100841; -1.20942; 0.406685; -0.103981; -1.23906; 0.406685; -0.103981; -1.23906; 22.2372; 25.6824; 1000; 7; -1; 1000; 1000
7.488; 0.400156; -0.101501; -1.20867; 0.406913; -0.104643; -1.23777; 0.406913; -0.104643; -1.23777; 22.2732; 25.7148; 1000; 7; 0.0626454; 1000; -0.532645
7.504; 0.400406; -0.102162; -1.20788; 0.407154; -0.105341; -1.23777; 0.407154; -0.105341; -1.23777; 22.3092; 25.7508; 1000; 7; 0.0511189; 1000; -0.521119
7.52; 0.400657; -0.102823; -1.20705; 0.407395; -0.106038; -1.23518; 0.407395; -0.106038; -1.23518; 22.3488; 25.7832; 1000; 7; 0.0601439; 1000; -0.530144
7.536; 0.400909; -0.103483; -1.20618; 0.407638; -0.106735; -1.23518; 0.407638; -0.106735; -1.23518; 22.3848; 25.8192; 1000; 7; -1; 1000; 1000
7.552; 0.401162; -0.104144; -1.20527; 0.407869; -0.107397; -1.23388; 0.407869; -0.107397; -1.23388; 22.4208; 25.8516; 1000; 7; -1; 1000; 1000
7.568; 0.401415; -0.104805; -1.20431; 0.408113; -0.108094; -1.23388; 0.408113; -0.108094; -1.23388; 22.4568; 25.8876; 1000; 7; 0.0615701; 1000; -0.53157
7.584; 0.401669; -0.105466; -1.20331; 0.408345; -0.108755; -1.23259; 0.408345; -0.108755; -1.23259; 22.4928; 25.92; 1000; 7; -1; 1000; 1000
7.6; 0.401924; -0.106128; -1.20227; 0.40859; -0.109452; -1.23; 0.40859; -0.109452; -1.23; 22.5324; 25.9524; 1000; 7; -1; 1000; 1000
7.616; 0.402179; -0.106789; -1.20119; 0.408837; -0.110147; -1.23; 0.408837; -0.110147; -1.23; 22.5684; 25.9884; 1000; 7; 0.0638578; 1000; -0.533858
7.632; 0.402436; -0.107451; -1.20007; 0.409071; -0.110808; -1.22871; 0.409071; -0.110808; -1.22871; 22.6044; 26.0208; 1000; 7; -1; 1000; 1000
7.648; 0.402694; -0.108112; -1.1989; 0.409331; -0.111538; -1.22741; 0.409331; -0.111538; -1.22741; 22.644; 26.0568; 1000; 7; 0.0670401; 1000; -0.53704
7.664; 0.402952; -0.108774; -1.1977; 0.409567; -0.112198; -1.22612; 0.409567; -0.112198; -1.22612; 22.68; 26.0892; 1000; 7; 0.0606012; 1000; -0.530601
7.68; 0.403212; -0.109436; -1.19645; 0.409804; -0.112858; -1.22482; 0.409804; -0.112858; -1.22482; 22.716; 26.1216; 1000; 7; 0.0641382; 1000; -0.534138
7.696; 0.403472; -0.110099; -1.19517; 0.410067; -0.113587; -1.22353; 0.410067; -0.113587; -1.22353; 22.7556; 26.1576; 1000; 7; -1; 1000; 1000
7.712; 0.403734; -0.110761; -1.19384; 0.410305; -0.114246; -1.22223; 0.410305; -0.114246; -1.22223; 22.7916; 26.19; 1000; 7; 0.0650107; 1000; -0.535011
7.728; 0.403997; -0.111424; -1.19247; 0.41057; -0.114974; -1.22094; 0.41057; -0.114974; -1.22094; 22.8312; 26.226; 1000; 7; -1; 1000; 1000
7.744; 0.404261; -0.112087; -1.19107; 0.41081; -0.115633; -1.21964; 0.41081; -0.115633; -1.21964; 22.8672; 26.2584; 1000; 7; -1; 1000; 1000
7.76; 0.404526; -0.11275; -1.18962; 0.411051; -0.116291; -1.21835; 0.411051; -0.116291; -1.21835; 22.9032; 26.2908; 1000; 7; 0.0570572; 1000; -0.527057
7.776; 0.404792; -0.113413; -1.18814; 0.411319; -0.117019; -1.21705; 0.411319; -0.117019; -1.21705; 22.9428; 26.3268; 1000; 6; -1; 1000; 1000
7.792; 0.40506; -0.114077; -1.18662; 0.411575; -0.117711; -1.21446; 0.411575; -0.117711; -1.21446; 22.9824; 26.3592; 1000; 7; -1; 1000; 1000
7.808; 0.405329; -0.114741; -1.18506; 0.411819; -0.118368; -1.21317; 0.411819; -0.118368; -1.21317; 23.0184; 26.3916; 1000; 7; 0.0527336; 1000; -0.522734
7.824; 0.405599; -0.115405; -1.18346; 0.41209; -0.119094; -1.21187; 0.41209; -0.119094; -1.21187; 23.058; 26.4276; 1000; 7; -1; 1000; 1000
7.84; 0.405871; -0.11607; -1.18182; 0.412337; -0.11975; -1.21058; 0.412337; -0.11975; -1.21058; 23.094; 26.46; 1000; 7; 0.0588601; 1000; -0.52886
7.856; 0.406144; -0.116734; -1.18015; 0.412597; -0.120441; -1.20799; 0.412597; -0.120441; -1.20799; 23.1336; 26.4924; 1000; 7; -1; 1000; 1000
7.872; 0.406418; -0.117399; -1.17843; 0.412872; -0.121165; -1.20669; 0.412872; -0.121165; -1.20669; 23.1732; 26.5284; 1000; 7; 0.0606328; 1000; -0.530633
7.888; 0.406694; -0.118065; -1.17668; 0.413121; -0.121821; -1.2054; 0.413121; -0.121821; -1.2054; 23.2092; 26.5608; 1000; 7; -1; 1000; 1000
7.904; 0.406972; -0.11873; -1.1749; 0.413385; -0.12251; -1.20281; 0.413385; -0.12251; -1.20281; 23.2488; 26.5932; 1000; 7; -1; 1000; 1000
7.92; 0.407251; -0.119396; -1.17307; 0.413651; -0.123198; -1.20022; 0.413651; -0.123198; -1.20022; 23.2884; 26.6256; 1000; 7; -1; 1000; 1000
7.936; 0.407531; -0.120063; -1.17122; 0.413931; -0.123921; -1.19893; 0.413931; -0.123921; -1.19893; 23.328; 26.6616; 1000; 7; -1; 1000; 1000
7.952; 0.407814; -0.120729; -1.16932; 0.414186; -0.124574; -1.19763; 0.414186; -0.124574; -1.19763; 23.364; 26.694; -1.17601; 7; 0.052115; 1000; -0.522115
7.968; 0.408098; -0.121396; -1.16739; 0.414455; -0.125261; -1.19504; 0.414455; -0.125261; -1.19504; 23.4036; 26.7264; 1000; 7; 0.0596657; 1000; -0.529666
7.984; 0.408383; -0.122064; -1.16542; 0.414739; -0.125982; -1.19375; 0.414739; -0.125982; -1.19375; 23.4432; 26.7624; 1000; 7; 0.0603252; 1000; -0.530325
8; 0.40867; -0.122731; -1.16342; 0.415011; -0.126668; -1.19116; 0.415011; -0.126668; -1.19116; 23.4828; 26.7948; 1000; 7; 0.0662912; 1000; -0.536291
8.016; 0.408959; -0.123399; -1.16138; 0.415285; -0.127354; -1.18857; 0.415285; -0.127354; -1.18857; 23.5224; 26.8272; 1000; 7; 0.0683154; 1000; -0.538315
8.032; 0.40925; -0.124068; -1.15931; 0.415574; -0.128073; -1.18727; 0.415574; -0.128073; -1.18727; 23.562; 26.8632; 1000; 7; 0.0600649; 1000; -0.530065
8.048; 0.409543; -0.124737; -1.1572; 0.41585; -0.128757; -1.18468; 0.41585; -0.128757; -1.18468; 23.6016; 26.8956; 1000; 7; 0.059137; 1000; -0.529137
8.064; 0.409838; -0.125406; -1.15506; 0.416128; -0.129441; -1.18209; 0.416128; -0.129441; -1.18209; 23.6412; 26.928; 1000; 7; 0.0528109; 1000; -0.522811
8.08; 0.410134; -0.126075; -1.15289; 0.416421; -0.130158; -1.1808; 0.416421; -0.130158; -1.1808; 23.6808; 26.964; 1000; 7; 0.0674069; 1000; -0.537407
8.096; 0.410432; -0.126745; -1.15068; 0.416702; -0.13084; -1.17821; 0.416702; -0.13084; -1.17821; 23.7204; 26.9964; 1000; 7; 0.0685068; 1000; -0.538507
8.112; 0.410733; -0.127416; -1.14844; 0.416984; -0.131522; -1.17562; 0.416984; -0.131522; -1.17562; 23.76; 27.0288; 1000; 7; 0.0523937; 1000; -0.522394
8.128; 0.411035; -0.128086; -1.14616; 0.417268; -0.132203; -1.17303; 0.417268; -0.132203; -1.17303; 23.7996; 27.0612; 1000; 7; -1; 1000; 1000
8.144; 0.411339; -0.128757; -1.14386; 0.417569; -0.132918; -1.17174; 0.417569; -0.132918; -1.17174; 23.8392; 27.0972; 1000; 7; 0.0667141; 1000; -0.536714
8.16; 0.411646; -0.129429; -1.14152; 0.417855; -0.133598; -1.16915; 0.417855; -0.133598; -1.16915; 23.8788; 27.1296; 1000; 7; -1; 1000; 1000
8.176; 0.411954; -0.130101; -1.13915; 0.418158; -0.134311; -1.16526; 0.418158; -0.134311; -1.16526; 23.922; 27.162; 1000; 7; -1; 1000; 1000
8.192; 0.412265; -0.130773; -1.13674; 0.418464; -0.135023; -1.16397; 0.418464; -0.135023; -1.16397; 23.9616; 27.198; 1000; 7; 0.0530645; 1000; -0.523064
8.208; 0.412578; -0.131446; -1.13431; 0.418756; -0.135701; -1.16138; 0.418756; -0.135701; -1.16138; 24.0012; 27.2304; 1000; 7; -1; 1000; 1000
8.224; 0.412893; -0.132119; -1.13184; 0.41905; -0.136378; -1.15879; 0.41905; -0.136378; -1.15879; 24.0408; 27.2628; 1000; 7; 0.0695749; 1000; -0.539575
8.24; 0.41321; -0.132793; -1.12935; 0.419375; -0.137122; -1.1562; 0.419375; -0.137122; -1.1562; 24.084; 27.2988; 1000; 7; -1; 1000; 1000
8.256; 0.41353; -0.133467; -1.12682; 0.419672; -0.137797; -1.15361; 0.419672; -0.137797; -1.15361; 24.1236; 27.3312; 1000; 7; -1; 1000; 1000
8.272; 0.413852; -0.134141; -1.12427; 0.419986; -0.138505; -1.15232; 0.419986; -0.138505; -1.15232; 24.1632; 27.3672; 1000; 7; 0.0601296; 1000; -0.53013
8.288; 0.414176; -0.134816; -1.12168; 0.420301; -0.139214; -1.14843; 0.420301; -0.139214; -1.14843; 24.2064; 27.3996; 1000; 7; 0.0611139; 1000; -0.531114
8.304; 0.414502; -0.135492; -1.11906; 0.420604; -0.139887; -1.14584; 0.420604; -0.139887; -1.14584; 24.246; 27.432; 1000; 7; -1; 1000; 1000
8.32; 0.414831; -0.136167; -1.11642; 0.420938; -0.140626; -1.14325; 0.420938; -0.140626; -1.14325; 24.2892; 27.468; 1000; 7; 0.0589065; 1000; -0.528906
8.336; 0.415163; -0.136844; -1.11375; 0.421244; -0.141298; -1.14066; 0.421244; -0.141298; -1.14066; 24.3288; 27.5004; 1000; 7; -1; 1000; 1000
8.352; 0.415497; -0.13752; -1.11105; 0.421583; -0.142036; -1.13807; 0.421583; -0.142036; -1.13807; 24.372; 27.5364; 1000; 7; -1; 1000; 1000
8.368; 0.415833; -0.138197; -1.10832; 0.421892; -0.142706; -1.13548; 0.421892; -0.142706; -1.13548; 24.4116; 27.5688; 1000; 7; 0.059052; 1000; -0.529052
8.384; 0.416172; -0.138875; -1.10556; 0.422219; -0.143408; -1.1316; 0.422219; -0.143408; -1.1316; 24.4548; 27.6012; 1000; 7; -1; 1000; 1000
8.4; 0.416514; -0.139553; -1.10277; 0.422564; -0.144143; -1.12901; 0.422564; -0.144143; -1.12901; 24.498; 27.6372; 1000; 7; 0.0679391; 1000; -0.537939
8.416; 0.416858; -0.140231; -1.09996; 0.42288; -0.14481; -1.12642; 0.42288; -0.14481; -1.12642; 24.5376; 27.6696; 1000; 7; -1; 1000; 1000
8.432; 0.417204; -0.14091; -1.09712; 0.423229; -0.145543; -1.12383; 0.423229; -0.145543; -1.12383; 24.5808; 27.7056; 1000; 7; 0.0571108; 1000; -0.527111
8.448; 0.417554; -0.141589; -1.09426; 0.423564; -0.146242; -1.11995; 0.423564; -0.146242; -1.11995; 24.624; 27.738; 1000; 5; 0.0653833; 1000; -0.535383
8.464; 0.417906; -0.142269; -1.09137; 0.423917; -0.146973; -1.11736; 0.423917; -0.146973; -1.11736; 24.6672; 27.774; 1000; 7; 0.0666407; 1000; -0.536641
8.48; 0.418261; -0.142949; -1.08845; 0.424241; -0.147636; -1.11477; 0.424241; -0.147636; -1.11477; 24.7068; 27.8064; 1000; 7; 0.0688479; 1000; -0.538848
8.496; 0.418618; -0.143629; -1.08551; 0.424598; -0.148365; -1.11218; 0.424598; -0.148365; -1.11218; 24.75; 27.8424; 1000; 7; -1; 1000; 1000
8.512; 0.418979; -0.14431; -1.08254; 0.424941; -0.14906; -1.10829; 0.424941; -0.14906; -1.10829; 24.7932; 27.8748; 1000; 7; 0.0697154; 1000; -0.539715
8.528; 0.419342; -0.144992; -1.07955; 0.425303; -0.149786; -1.10571; 0.425303; -0.149786; -1.10571; 24.8364; 27.9108; 1000; 6; 0.0681213; 1000; -0.538121
8.544; 0.419708; -0.145674; -1.07653; 0.425651; -0.150479; -1.10182; 0.425651; -0.150479; -1.10182; 24.8796; 27.9432; 1000; 7; 0.0689212; 1000; -0.538921
8.56; 0.420077; -0.146356; -1.0735; 0.426018; -0.151203; -1.09923; 0.426018; -0.151203; -1.09923; 24.9228; 27.9792; 1000; 7; 0.0633962; 1000; -0.533396
8.576; 0.420449; -0.147038; -1.07043; 0.42637; -0.151893; -1.09535; 0.42637; -0.151893; -1.09535; 24.966; 28.0116; 1000; 6; 0.0660866; 1000; -0.536087
8.592; 0.420824; -0.147721; -1.06735; 0.426742; -0.152615; -1.09276; 0.426742; -0.152615; -1.09276; 25.0092; 28.0476; 1000; 7; 0.065936; 1000; -0.535936
8.608; 0.421202; -0.148405; -1.06424; 0.427115; -0.153336; -1.09017; 0.427115; -0.153336; -1.09017; 25.0524; 28.0836; 1000; 7; -1; 1000; 1000
8.624; 0.421583; -0.149089; -1.0611; 0.427473; -0.154023; -1.08628; 0.427473; -0.154023; -1.08628; 25.0956; 28.116; 1000; 7; 0.0673322; 1000; -0.537332
8.64; 0.421967; -0.149773; -1.05795; 0.427851; -0.154741; -1.08369; 0.427851; -0.154741; -1.08369; 25.1388; 28.152; 1000; 6; -1; 1000; 1000
8.656; 0.422354; -0.150458; -1.05477; 0.428231; -0.155459; -1.08111; 0.428231; -0.155459; -1.08111; 25.182; 28.188; 1000; 7; -1; 1000; 1000
8.672; 0.422744; -0.151143; -1.05158; 0.428613; -0.156175; -1.07593; 0.428613; -0.156175; -1.07593; 25.2288; 28.2204; 1000; 7; 0.0594405; 1000; -0.52944
8.688; 0.423137; -0.151828; -1.04836; 0.428999; -0.156889; -1.07334; 0.428999; -0.156889; -1.07334; 25.272; 28.2564; 1000; 7; 0.0564859; 1000; -0.526486
8.704; 0.423534; -0.152514; -1.04512; 0.429386; -0.157603; -1.07075; 0.429386; -0.157603; -1.07075; 25.3152; 28.2924; 1000; 7; -1; 1000; 1000
8.72; 0.423933; -0.1532; -1.04186; 0.429775; -0.158315; -1.06557; 0.429775; -0.158315; -1.06557; 25.362; 28.3248; 1000; 7; -1; 1000; 1000
8.736; 0.424336; -0.153887; -1.03858; 0.430168; -0.159026; -1.06298; 0.430168; -0.159026; -1.06298; 25.4052; 28.3608; 1000; 6; -1; 1000; 1000
8.752; 0.424742; -0.154573; -1.03528; 0.430563; -0.159735; -1.06039; 0.430563; -0.159735; -1.06039; 25.4484; 28.3968; 1000; 7; 0.0585293; 1000; -0.528529
8.768; 0.425152; -0.155261; -1.03196; 0.430978; -0.160476; -1.05651; 0.430978; -0.160476; -1.05651; 25.4952; 28.4328; 1000; 7; -1; 1000; 1000
8.784; 0.425564; -0.155948; -1.02863; 0.431377; -0.161182; -1.05392; 0.431377; -0.161182; -1.05392; 25.5384; 28.4688; 1000; 7; -1; 1000; 1000
8.8; 0.42598; -0.156636; -1.02527; 0.431778; -0.161888; -1.04874; 0.431778; -0.161888; -1.04874; 25.5852; 28.5012; 1000; 7; 0.064147; 1000; -0.534147
8.816; 0.4264; -0.157324; -1.0219; 0.432183; -0.162592; -1.04615; 0.432183; -0.162592; -1.04615; 25.6284; 28.5372; 1000; 7; 0.0582359; 1000; -0.528236
8.832; 0.426823; -0.158013; -1.0185; 0.432608; -0.163326; -1.04226; 0.432608; -0.163326; -1.04226; 25.6752; 28.5732; 1000; 7; 0.0568777; 1000; -0.526878
8.848; 0.427249; -0.158702; -1.0151; 0.433017; -0.164027; -1.03967; 0.433017; -0.164027; -1.03967; 25.7184; 28.6092; 1000; 7; 0.0631374; 1000; -0.533137
8.864; 0.427679; -0.159391; -1.01167; 0.433447; -0.164759; -1.03579; 0.433447; -0.164759; -1.03579; 25.7652; 28.6452; 1000; 7; 0.0621796; 1000; -0.53218
8.88; 0.428112; -0.16008; -1.00823; 0.43388; -0.165489; -1.03191; 0.43388; -0.165489; -1.03191; 25.812; 28.6812; 1000; 7; -1; 1000; 1000
8.896; 0.428548; -0.16077; -1.00477; 0.434297; -0.166186; -1.02932; 0.434297; -0.166186; -1.02932; 25.8552; 28.7172; 1000; 7; 0.0689578; 1000; -0.538958
8.912; 0.428989; -0.16146; -1.00129; 0.434734; -0.166913; -1.02543; 0.434734; -0.166913; -1.02543; 25.902; 28.7532; 1000; 7; -1; 1000; 1000
8.928; 0.429432; -0.16215; -0.997802; 0.435174; -0.167639; -1.02155; 0.435174; -0.167639; -1.02155; 25.9488; 28.7892; 1000; 6; 0.0493535; 1000; -0.519354
8.944; 0.42988; -0.162841; -0.994296; 0.435617; -0.168363; -1.01766; 0.435617; -0.168363; -1.01766; 25.9956; 28.8252; -0.995916; 7; -1; 1000; 1000
8.96; 0.430331; -0.163532; -0.990775; 0.436063; -0.169085; -1.01378; 0.436063; -0.169085; -1.01378; 26.0424; 28.8612; 1000; 7; 0.0689006; 1000; -0.538901
8.976; 0.430785; -0.164223; -0.98724; 0.436492; -0.169774; -1.01119; 0.436492; -0.169774; -1.01119; 26.0856; 28.8972; 1000; 7; 0.0647861; 1000; -0.534786
8.992; 0.431244; -0.164914; -0.98369; 0.436943; -0.170493; -1.00731; 0.436943; -0.170493; -1.00731; 26.1324; 28.9332; 1000; 7; 0.0664321; 1000; -0.536432
9.008; 0.431705; -0.165605; -0.980127; 0.437396; -0.171211; -1.00342; 0.437396; -0.171211; -1.00342; 26.1792; 28.9692; 1000; 7; -1; 1000; 1000
9.024; 0.432171; -0.166297; -0.976551; 0.437872; -0.171958; -1.00083; 0.437872; -0.171958; -1.00083; 26.226; 29.0088; 1000; 7; 0.062515; 1000; -0.532515
9.04; 0.432641; -0.166989; -0.972961; 0.43833; -0.172672; -0.996947; 0.43833; -0.172672; -0.996947; 26.2728; 29.0448; 1000; 7; 0.0695941; 1000; -0.539594
9.056; 0.433114; -0.167681; -0.969359; 0.438791; -0.173385; -0.993063; 0.438791; -0.173385; -0.993063; 26.3196; 29.0808; 1000; 6; 0.0404782; 1000; -0.510478
9.072; 0.433591; -0.168373; -0.965744; 0.439254; -0.174096; -0.989179; 0.439254; -0.174096; -0.989179; 26.3664; 29.1168; 1000; 7; -1; 1000; 1000
9.088; 0.434071; -0.169065; -0.962118; 0.439761; -0.174867; -0.985295; 0.439761; -0.174867; -0.985295; 26.4168; 29.1564; 1000; 7; -1; 1000; 1000
9.104; 0.434556; -0.169758; -0.95848; 0.44023; -0.175574; -0.981411; 0.44023; -0.175574; -0.981411; 26.4636; 29.1924; 1000; 7; 0.0560961; 1000; -0.526096
9.12; 0.435044; -0.17045; -0.954831; 0.440702; -0.176279; -0.977526; 0.440702; -0.176279; -0.977526; 26.5104; 29.2284; 1000; 7; 0.0589431; 1000; -0.528943
9.136; 0.435537; -0.171143; -0.951171; 0.441176; -0.176983; -0.973642; 0.441176; -0.176983; -0.973642; 26.5572; 29.2644; 1000; 7; 0.0699082; 1000; -0.539908
9.152; 0.436033; -0.171836; -0.9475; 0.441695; -0.177746; -0.969758; 0.441695; -0.177746; -0.969758; 26.6076; 29.304; 1000; 7; -1; 1000; 1000
9.168; 0.436533; -0.172528; -0.94382; 0.442175; -0.178446; -0.965874; 0.442175; -0.178446; -0.965874; 26.6544; 29.34; 1000; 7; -1; 1000; 1000
9.184; 0.437037; -0.173221; -0.94013; 0.442679; -0.179174; -0.963284; 0.442679; -0.179174; -0.963284; 26.7012; 29.3796; 1000; 7; -1; 1000; 1000
9.2; 0.437545; -0.173914; -0.93643; 0.443184; -0.179902; -0.958105; 0.443184; -0.179902; -0.958105; 26.7516; 29.4156; 1000; 7; -1; 1000; 1000
9.216; 0.438057; -0.174607; -0.932721; 0.443693; -0.180626; -0.955516; 0.443693; -0.180626; -0.955516; 26.7984; 29.4552; 1000; 7; 0.06273; 1000; -0.53273
9.232; 0.438573; -0.1753; -0.929004; 0.444205; -0.181349; -0.950337; 0.444205; -0.181349; -0.950337; 26.8488; 29.4912; 1000; 7; 0.0593987; 1000; -0.529399
9.248; 0.439093; -0.175993; -0.925278; 0.44472; -0.18207; -0.947747; 0.44472; -0.18207; -0.947747; 26.8956; 29.5308; 1000; 7; 0.0483329; 1000; -0.518333
9.264; 0.439618; -0.176686; -0.921545; 0.445236; -0.182789; -0.942568; 0.445236; -0.182789; -0.942568; 26.946; 29.5668; 1000; 7; 0.051265; 1000; -0.521265
9.28; 0.440146; -0.177379; -0.917804; 0.445757; -0.183505; -0.939979; 0.445757; -0.183505; -0.939979; 26.9928; 29.6064; 1000; 7; 0.0545469; 1000; -0.524547
9.296; 0.440678; -0.178072; -0.914055; 0.446301; -0.18425; -0.936095; 0.446301; -0.18425; -0.936095; 27.0432; 29.646; 1000; 7; -1; 1000; 1000
9.312; 0.441214; -0.178765; -0.9103; 0.446804; -0.184934; -0.932211; 0.446804; -0.184934; -0.932211; 27.09; 29.682; 1000; 7; 0.0530524; 1000; -0.523052
9.328; 0.441755; -0.179458; -0.906538; 0.447354; -0.185675; -0.928326; 0.447354; -0.185675; -0.928326; 27.1404; 29.7216; 1000; 7; 0.0517585; 1000; -0.521758
9.344; 0.4423; -0.180151; -0.90277; 0.447907; -0.186413; -0.924442; 0.447907; -0.186413; -0.924442; 27.1908; 29.7612; 1000; 7; 0.0573194; 1000; -0.527319
9.36; 0.442849; -0.180844; -0.898996; 0.448462; -0.18715; -0.920558; 0.448462; -0.18715; -0.920558; 27.2412; 29.8008; 1000; 7; 0.0465407; 1000; -0.516541
9.376; 0.443402; -0.181536; -0.895217; 0.448976; -0.187825; -0.916674; 0.448976; -0.187825; -0.916674; 27.288; 29.8368; 1000; 7; 0.0493493; 1000; -0.519349
9.392; 0.443959; -0.182229; -0.891433; 0.449537; -0.188557; -0.912789; 0.449537; -0.188557; -0.912789; 27.3384; 29.8764; 1000; 7; 0.0526865; 1000; -0.522687
9.408; 0.44452; -0.182921; -0.887644; 0.450102; -0.189287; -0.908905; 0.450102; -0.189287; -0.908905; 27.3888; 29.916; 1000; 7; 0.0484017; 1000; -0.518402
9.424; 0.445086; -0.183613; -0.883851; 0.450669; -0.190015; -0.905021; 0.450669; -0.190015; -0.905021; 27.4392; 29.9556; 1000; 7; 0.047972; 1000; -0.517972
9.44; 0.445656; -0.184305; -0.880053; 0.451238; -0.19074; -0.901137; 0.451238; -0.19074; -0.901137; 27.4896; 29.9952; 1000; 7; 0.0480412; 1000; -0.518041
9.456; 0.44623; -0.184997; -0.876252; 0.451811; -0.191463; -0.897253; 0.451811; -0.191463; -0.897253; 27.54; 30.0348; 1000; 7; 0.0451842; 1000; -0.515184
9.472; 0.446808; -0.185689; -0.872448; 0.452386; -0.192185; -0.893368; 0.452386; -0.192185; -0.893368; 27.5904; 30.0744; 1000; 7; 0.0469167; 1000; -0.516917
9.488; 0.447391; -0.18638; -0.86864; 0.452965; -0.192903; -0.889484; 0.452965; -0.192903; -0.889484; 27.6408; 30.114; 1000; 7; 0.0381383; 1000; -0.508138
9.504; 0.447978; -0.187071; -0.86483; 0.453546; -0.19362; -0.8856; 0.453546; -0.19362; -0.8856; 27.6912; 30.1536; 1000; 7; 0.0413802; 1000; -0.51138
9.52; 0.44857; -0.187762; -0.861018; 0.454129; -0.194334; -0.881716; 0.454129; -0.194334; -0.881716; 27.7416; 30.1932; 1000; 7; 0.0380519; 1000; -0.508052
9.536; 0.448572; -0.18776; -0.878651; 0.454129; -0.194334; -0.899842; 0.454129; -0.194334; -0.899842; 27.7164; 30.2184; 1000; 7; 0.04555; 1000; -0.51555
9.552; 0.449149; -0.188456; -0.874474; 0.454726; -0.195086; -0.894663; 0.454726; -0.195086; -0.894663; 27.7704; 30.258; 1000; 7; 0.0388691; 1000; -0.508869
9.568; 0.449171; -0.188475; -0.893132; 0.454726; -0.195086; -0.912789; 0.454726; -0.195086; -0.912789; 27.7452; 30.2832; 1000; 7; 0.0391797; 1000; -0.50918
9.584; 0.449173; -0.188473; -0.910782; 0.454726; -0.195086; -0.930916; 0.454726; -0.195086; -0.930916; 27.72; 30.3084; 1000; 7; 0.0411654; 1000; -0.511165
9.6; 0.449175; -0.188471; -0.928434; 0.454726; -0.195086; -0.949042; 0.454726; -0.195086; -0.949042; 27.6948; 30.3336; 1000; 7; 0.0577135; 1000; -0.527713
9.616; 0.449176; -0.18847; -0.946087; 0.454726; -0.195086; -0.967168; 0.454726; -0.195086; -0.967168; 27.6696; 30.3588; 1000; 7; 0.0453705; 1000; -0.51537
9.632; 0.449177; -0.188469; -0.963739; 0.454726; -0.195086; -0.985295; 0.454726; -0.195086; -0.985295; 27.6444; 30.384; 1000; 7; 0.0466055; 1000; -0.516605
